cost_id,source_id,study_id,country,admin1,practice_id,cost_class,item,value,value_min,value_max,unit_basis,currency,price_year,price_year_basis,labour_included,labour_days,labour_days_min,labour_days_max,labour_rate,family_labour_costed,inputs_included,transport_included,equipment_included,training_included,certification_mrv_included,opportunity_cost_included,in_kind_items,subsidy_share,cost_basis_source,labour_months,labour_by_sex,n_farmers_covered,area_ha_covered,project_year,crediting_period_years,stocking_rate_tlu_ha,cost_bearer,author_computed,discount_rate,horizon_years,boundary_quote_id
CST-6134030-001,SRC-6134030,STU-6134030-01,UGA,Mukono District,ca_bundle,total,"Treatment no-tillage + residues/mulch (NT): gross cost of common bean production over 14 months (three seasons), boundary per section 2.7 (land rent, tillage, machinery, seeds, mulches, herbicide, insecticide, labour, harvesting, etc. - generic list, not itemised per arm)",642.44,,,per_ha,USD,2020,assumed_data_year,yes,,,,,unstated,yes,unstated,unstated,unstated,unstated,yes,,,trial_record,,,,,,,,unstated,yes,,,QTE-6134030-030
CST-6134030-002,SRC-6134030,STU-6134030-02,UGA,Mukono District,ca_bundle,total,"Treatment stubble-mulching (SM; ploughed + mulch): gross cost of common bean production over 14 months (three seasons), boundary per section 2.7 (land rent, tillage, machinery, seeds, mulches, herbicide, insecticide, labour, harvesting, etc. - generic list, not itemised per arm)",1172.67,,,per_ha,USD,2020,assumed_data_year,yes,,,,,unstated,yes,unstated,unstated,unstated,unstated,yes,,,trial_record,,,,,,,,unstated,yes,,,QTE-6134030-030
CST-6134030-003,SRC-6134030,STU-6134030-01,UGA,Mukono District,ca_bundle,total,"Control conventional tillage (CT): gross cost of common bean production over 14 months (three seasons), boundary per section 2.7 (land rent, tillage, machinery, seeds, mulches, herbicide, insecticide, labour, harvesting, etc. - generic list, not itemised per arm)",786.86,,,per_ha,USD,2020,assumed_data_year,yes,,,,,unstated,yes,unstated,unstated,unstated,unstated,yes,,,trial_record,,,,,,,,unstated,yes,,,QTE-6134030-030
CST-6134332-001,SRC-6134332,STU-6134332-01,GHA,Eastern Region,biochar,establishment_fixed,"Treatment Biochar 10 t/ha: biochar preparation (labour conveying and preparing rice husk feedstock plus retort kiln rental), per tonne of biochar",17,,,per_tonne_input,USD,2012-2014,stated,yes,,,,,unstated,no,yes,hire,unstated,unstated,no,,,trial_record,,,,,1,,,unstated,no,,,QTE-6134332-029
CST-6134332-002,SRC-6134332,STU-6134332-01,GHA,Eastern Region,biochar,establishment_fixed,Treatment Biochar 10 t/ha: labour for biochar application,21,,,per_ha,USD,2012-2014,stated,yes,,,,,unstated,no,unstated,unstated,unstated,unstated,unstated,,,trial_record,,,,,1,,,unstated,no,,,QTE-6134332-030
CST-6134332-003,SRC-6134332,STU-6134332-01,GHA,Eastern Region,biochar,variable_running,Both arms (with and without biochar): labour for herbicide application,42,,,per_ha_per_season,USD,2012-2014,stated,yes,,,,,unstated,no,unstated,unstated,unstated,unstated,unstated,,,trial_record,,,,,,,,unstated,no,,,QTE-6134332-030
CST-6134332-004,SRC-6134332,STU-6134332-01,GHA,Eastern Region,biochar,variable_running,Both arms (with and without biochar): labour for transplanting,83,,,per_ha_per_season,USD,2012-2014,stated,yes,,,,,unstated,no,unstated,unstated,unstated,unstated,unstated,,,trial_record,,,,,,,,unstated,no,,,QTE-6134332-030
CST-6134332-005,SRC-6134332,STU-6134332-01,GHA,Eastern Region,biochar,variable_running,Both arms (with and without biochar): labour for irrigation,83,,,per_ha_per_season,USD,2012-2014,stated,yes,,,,,unstated,no,unstated,unstated,unstated,unstated,unstated,,,trial_record,,,,,,,,unstated,no,,,QTE-6134332-030
CST-6134332-006,SRC-6134332,STU-6134332-01,GHA,Eastern Region,biochar,variable_running,Both arms at N > 0 (with and without biochar): labour for fertilizer application,21,,,per_ha_per_season,USD,2012-2014,stated,yes,,,,,unstated,no,unstated,unstated,unstated,unstated,unstated,,,trial_record,,,,,,,,unstated,no,,,QTE-6134332-030
CST-6134332-007,SRC-6134332,STU-6134332-01,GHA,Eastern Region,biochar,variable_running,Both arms (with and without biochar): labour for scaring birds,83,,,per_ha_per_season,USD,2012-2014,stated,yes,,,,,unstated,no,unstated,unstated,unstated,unstated,unstated,,,trial_record,,,,,,,,unstated,no,,,QTE-6134332-030
CST-6134332-008,SRC-6134332,STU-6134332-01,GHA,Eastern Region,biochar,variable_running,Both arms (with and without biochar): labour for drying and bagging,42,,,per_ha_per_season,USD,2012-2014,stated,yes,,,,,unstated,no,unstated,unstated,unstated,unstated,unstated,,,trial_record,,,,,,,,unstated,no,,,QTE-6134332-030
CST-6134332-009,SRC-6134332,STU-6134332-01,GHA,Eastern Region,biochar,variable_running,Both arms (with and without biochar): cost of water for irrigation,83,,,per_ha_per_season,USD,2012-2014,stated,no,,,,,unstated,yes,unstated,unstated,unstated,unstated,unstated,,,trial_record,,,,,,,,unstated,no,,,QTE-6134332-030
CST-6134332-010,SRC-6134332,STU-6134332-01,GHA,Eastern Region,biochar,variable_running,Both arms (with and without biochar): herbicide 2 L of 2-4-D,8,,,per_ha_per_season,USD,2012-2014,stated,no,,,,,unstated,yes,unstated,unstated,unstated,unstated,unstated,,,trial_record,,,,,,,,unstated,no,,,QTE-6134332-030
CST-6134332-011,SRC-6134332,STU-6134332-01,GHA,Eastern Region,biochar,variable_running,Both arms (with and without biochar): herbicide 4 L of Bounty,42,,,per_ha_per_season,USD,2012-2014,stated,no,,,,,unstated,yes,unstated,unstated,unstated,unstated,unstated,,,trial_record,,,,,,,,unstated,no,,,QTE-6134332-030
CST-6134332-012,SRC-6134332,STU-6134332-01,GHA,Eastern Region,biochar,variable_running,Both arms (with and without biochar): rice seed,37,,,per_ha_per_season,USD,2012-2014,stated,no,,,,,unstated,yes,unstated,unstated,unstated,unstated,unstated,,,trial_record,,,,,,,,unstated,no,,,QTE-6134332-030
CST-6134332-013,SRC-6134332,STU-6134332-01,GHA,Eastern Region,biochar,variable_running,Both arms (with and without biochar): ploughing,125,,,per_ha_per_season,USD,2012-2014,stated,unstated,,,,,unstated,unstated,unstated,unstated,unstated,unstated,unstated,,,trial_record,,,,,,,,unstated,no,,,QTE-6134332-030
CST-6134332-014,SRC-6134332,STU-6134332-01,GHA,Eastern Region,biochar,variable_running,Both arms (with and without biochar): mechanized harvesting,117,,,per_ha_per_season,USD,2012-2014,stated,unstated,,,,,unstated,unstated,unstated,unstated,unstated,unstated,unstated,,,trial_record,,,,,,,,unstated,no,,,QTE-6134332-030
CST-6134332-015,SRC-6134332,STU-6134332-01,GHA,Eastern Region,biochar,variable_running,Both arms (with and without biochar): land rental,62,,,per_ha_per_season,USD,2012-2014,stated,no,,,,,unstated,no,unstated,no,unstated,unstated,unstated,,,trial_record,,,,,,,,unstated,no,,,QTE-6134332-030
CST-6135671-001,SRC-6135671,STU-6135671-04,ETH,,nutrient_mgmt_b,variable_running,"Compost 5 t ha-1 + Urea/NPSB 0/0 kg ha-1: cost of compost (CC; labour of compost preparation, WFP work norms)",1100,,,per_ha,ETB,2017,assumed_data_year,yes,,,,,unstated,unstated,unstated,unstated,unstated,unstated,unstated,,,expert_estimate,,,,,,,,unstated,no,,,QTE-6135671-018
CST-6135671-002,SRC-6135671,STU-6135671-04,ETH,,nutrient_mgmt_b,total,"Compost 5 t ha-1 + Urea/NPSB 0/0 kg ha-1: total cost (TC = CC + CIF, total variable cost)",1100,,,per_ha,ETB,2017,assumed_data_year,yes,,,,,unstated,unstated,unstated,unstated,unstated,unstated,unstated,,,expert_estimate,,,,,,,,unstated,yes,,,QTE-6135671-018
CST-6135671-003,SRC-6135671,STU-6135671-01,ETH,,nutrient_mgmt_b,variable_running,Compost 0 t ha-1 + Urea/NPSB 50/50 kg ha-1: cost of inorganic fertilizer (CIF; urea + NPSB),1405,,,per_ha,ETB,2017,assumed_data_year,unstated,,,,,unstated,yes,unstated,unstated,unstated,unstated,unstated,,,trial_record,,,,,,,,unstated,no,,,QTE-6135671-018
CST-6135671-004,SRC-6135671,STU-6135671-01,ETH,,nutrient_mgmt_b,total,"Compost 0 t ha-1 + Urea/NPSB 50/50 kg ha-1: total cost (TC = CC + CIF, total variable cost)",1405,,,per_ha,ETB,2017,assumed_data_year,unstated,,,,,unstated,yes,unstated,unstated,unstated,unstated,unstated,,,trial_record,,,,,,,,unstated,yes,,,QTE-6135671-018
CST-6135671-005,SRC-6135671,STU-6135671-04,ETH,,nutrient_mgmt_b,variable_running,"Compost 10 t ha-1 + Urea/NPSB 0/0 kg ha-1: cost of compost (CC; labour of compost preparation, WFP work norms)",2200,,,per_ha,ETB,2017,assumed_data_year,yes,,,,,unstated,unstated,unstated,unstated,unstated,unstated,unstated,,,expert_estimate,,,,,,,,unstated,no,,,QTE-6135671-018
CST-6135671-006,SRC-6135671,STU-6135671-04,ETH,,nutrient_mgmt_b,total,"Compost 10 t ha-1 + Urea/NPSB 0/0 kg ha-1: total cost (TC = CC + CIF, total variable cost)",2200,,,per_ha,ETB,2017,assumed_data_year,yes,,,,,unstated,unstated,unstated,unstated,unstated,unstated,unstated,,,expert_estimate,,,,,,,,unstated,yes,,,QTE-6135671-018
CST-6135671-007,SRC-6135671,STU-6135671-01,ETH,,nutrient_mgmt_b,variable_running,"Compost 5 t ha-1 + Urea/NPSB 50/50 kg ha-1: cost of compost (CC; labour of compost preparation, WFP work norms)",1100,,,per_ha,ETB,2017,assumed_data_year,yes,,,,,unstated,unstated,unstated,unstated,unstated,unstated,unstated,,,expert_estimate,,,,,,,,unstated,no,,,QTE-6135671-018
CST-6135671-008,SRC-6135671,STU-6135671-01,ETH,,nutrient_mgmt_b,variable_running,Compost 5 t ha-1 + Urea/NPSB 50/50 kg ha-1: cost of inorganic fertilizer (CIF; urea + NPSB),1405,,,per_ha,ETB,2017,assumed_data_year,unstated,,,,,unstated,yes,unstated,unstated,unstated,unstated,unstated,,,trial_record,,,,,,,,unstated,no,,,QTE-6135671-018
CST-6135671-009,SRC-6135671,STU-6135671-01,ETH,,nutrient_mgmt_b,total,"Compost 5 t ha-1 + Urea/NPSB 50/50 kg ha-1: total cost (TC = CC + CIF, total variable cost)",2505,,,per_ha,ETB,2017,assumed_data_year,yes,,,,,unstated,yes,unstated,unstated,unstated,unstated,unstated,,,expert_estimate,,,,,,,,unstated,yes,,,QTE-6135671-018
CST-6135671-010,SRC-6135671,STU-6135671-01,ETH,,nutrient_mgmt_b,variable_running,Compost 0 t ha-1 + Urea/NPSB 100/100 kg ha-1: cost of inorganic fertilizer (CIF; urea + NPSB),2810,,,per_ha,ETB,2017,assumed_data_year,unstated,,,,,unstated,yes,unstated,unstated,unstated,unstated,unstated,,,trial_record,,,,,,,,unstated,no,,,QTE-6135671-018
CST-6135671-011,SRC-6135671,STU-6135671-01,ETH,,nutrient_mgmt_b,total,"Compost 0 t ha-1 + Urea/NPSB 100/100 kg ha-1: total cost (TC = CC + CIF, total variable cost)",2810,,,per_ha,ETB,2017,assumed_data_year,unstated,,,,,unstated,yes,unstated,unstated,unstated,unstated,unstated,,,trial_record,,,,,,,,unstated,yes,,,QTE-6135671-018
CST-6135671-012,SRC-6135671,STU-6135671-01,ETH,,nutrient_mgmt_b,variable_running,"Compost 10 t ha-1 + Urea/NPSB 50/50 kg ha-1: cost of compost (CC; labour of compost preparation, WFP work norms)",2200,,,per_ha,ETB,2017,assumed_data_year,yes,,,,,unstated,unstated,unstated,unstated,unstated,unstated,unstated,,,expert_estimate,,,,,,,,unstated,no,,,QTE-6135671-018
CST-6135671-013,SRC-6135671,STU-6135671-01,ETH,,nutrient_mgmt_b,variable_running,Compost 10 t ha-1 + Urea/NPSB 50/50 kg ha-1: cost of inorganic fertilizer (CIF; urea + NPSB),1405,,,per_ha,ETB,2017,assumed_data_year,unstated,,,,,unstated,yes,unstated,unstated,unstated,unstated,unstated,,,trial_record,,,,,,,,unstated,no,,,QTE-6135671-018
CST-6135671-014,SRC-6135671,STU-6135671-01,ETH,,nutrient_mgmt_b,total,"Compost 10 t ha-1 + Urea/NPSB 50/50 kg ha-1: total cost (TC = CC + CIF, total variable cost)",3605,,,per_ha,ETB,2017,assumed_data_year,yes,,,,,unstated,yes,unstated,unstated,unstated,unstated,unstated,,,expert_estimate,,,,,,,,unstated,yes,,,QTE-6135671-018
CST-6135671-015,SRC-6135671,STU-6135671-01,ETH,,nutrient_mgmt_b,variable_running,"Compost 5 t ha-1 + Urea/NPSB 100/100 kg ha-1: cost of compost (CC; labour of compost preparation, WFP work norms)",1100,,,per_ha,ETB,2017,assumed_data_year,yes,,,,,unstated,unstated,unstated,unstated,unstated,unstated,unstated,,,expert_estimate,,,,,,,,unstated,no,,,QTE-6135671-018
CST-6135671-016,SRC-6135671,STU-6135671-01,ETH,,nutrient_mgmt_b,variable_running,Compost 5 t ha-1 + Urea/NPSB 100/100 kg ha-1: cost of inorganic fertilizer (CIF; urea + NPSB),2810,,,per_ha,ETB,2017,assumed_data_year,unstated,,,,,unstated,yes,unstated,unstated,unstated,unstated,unstated,,,trial_record,,,,,,,,unstated,no,,,QTE-6135671-018
CST-6135671-017,SRC-6135671,STU-6135671-01,ETH,,nutrient_mgmt_b,total,"Compost 5 t ha-1 + Urea/NPSB 100/100 kg ha-1: total cost (TC = CC + CIF, total variable cost)",3910,,,per_ha,ETB,2017,assumed_data_year,yes,,,,,unstated,yes,unstated,unstated,unstated,unstated,unstated,,,expert_estimate,,,,,,,,unstated,yes,,,QTE-6135671-018
CST-6135671-018,SRC-6135671,STU-6135671-01,ETH,,nutrient_mgmt_b,variable_running,"Compost 10 t ha-1 + Urea/NPSB 100/100 kg ha-1: cost of compost (CC; labour of compost preparation, WFP work norms)",2200,,,per_ha,ETB,2017,assumed_data_year,yes,,,,,unstated,unstated,unstated,unstated,unstated,unstated,unstated,,,expert_estimate,,,,,,,,unstated,no,,,QTE-6135671-018
CST-6135671-019,SRC-6135671,STU-6135671-01,ETH,,nutrient_mgmt_b,variable_running,Compost 10 t ha-1 + Urea/NPSB 100/100 kg ha-1: cost of inorganic fertilizer (CIF; urea + NPSB),2810,,,per_ha,ETB,2017,assumed_data_year,unstated,,,,,unstated,yes,unstated,unstated,unstated,unstated,unstated,,,trial_record,,,,,,,,unstated,no,,,QTE-6135671-018
CST-6135671-020,SRC-6135671,STU-6135671-01,ETH,,nutrient_mgmt_b,total,"Compost 10 t ha-1 + Urea/NPSB 100/100 kg ha-1: total cost (TC = CC + CIF, total variable cost)",5010,,,per_ha,ETB,2017,assumed_data_year,yes,,,,,unstated,yes,unstated,unstated,unstated,unstated,unstated,,,expert_estimate,,,,,,,,unstated,yes,,,QTE-6135671-018
CST-6135863-001,SRC-6135863,STU-6135863-01,ETH,,biochar,total,Control T1 0 t/ha maize cob biochar + 0 kg/ha NPS: total variable cost (TVC) of partial budget (NPS fertilizer cost + application cost of biochar and NPS; biochar material itself apparently not priced; urea common to all plots not included),0.00,,,per_ha,ETB,2020,assumed_data_year,unstated,,,,,unstated,yes,unstated,unstated,unstated,unstated,unstated,,,trial_record,,,,,1,,,unstated,yes,,,QTE-6135863-015
CST-6135863-002,SRC-6135863,STU-6135863-01,ETH,,biochar,total,Control T2 0 t/ha maize cob biochar + 50 kg/ha NPS: total variable cost (TVC) of partial budget (NPS fertilizer cost + application cost of biochar and NPS; biochar material itself apparently not priced; urea common to all plots not included),712.50,,,per_ha,ETB,2020,assumed_data_year,unstated,,,,,unstated,yes,unstated,unstated,unstated,unstated,unstated,,,trial_record,,,,,1,,,unstated,yes,,,QTE-6135863-015
CST-6135863-003,SRC-6135863,STU-6135863-01,ETH,,biochar,total,Control T3 0 t/ha maize cob biochar + 100 kg/ha NPS: total variable cost (TVC) of partial budget (NPS fertilizer cost + application cost of biochar and NPS; biochar material itself apparently not priced; urea common to all plots not included),1425.00,,,per_ha,ETB,2020,assumed_data_year,unstated,,,,,unstated,yes,unstated,unstated,unstated,unstated,unstated,,,trial_record,,,,,1,,,unstated,yes,,,QTE-6135863-015
CST-6135863-004,SRC-6135863,STU-6135863-01,ETH,,biochar,total,Treatment T4 2 t/ha maize cob biochar + 0 kg/ha NPS: total variable cost (TVC) of partial budget (NPS fertilizer cost + application cost of biochar and NPS; biochar material itself apparently not priced; urea common to all plots not included),50.00,,,per_ha,ETB,2020,assumed_data_year,unstated,,,,,unstated,yes,unstated,unstated,unstated,unstated,unstated,,,trial_record,,,,,1,,,unstated,yes,,,QTE-6135863-015
CST-6135863-005,SRC-6135863,STU-6135863-01,ETH,,biochar,total,Treatment T5 2 t/ha maize cob biochar + 50 kg/ha NPS: total variable cost (TVC) of partial budget (NPS fertilizer cost + application cost of biochar and NPS; biochar material itself apparently not priced; urea common to all plots not included),762.50,,,per_ha,ETB,2020,assumed_data_year,unstated,,,,,unstated,yes,unstated,unstated,unstated,unstated,unstated,,,trial_record,,,,,1,,,unstated,yes,,,QTE-6135863-015
CST-6135863-006,SRC-6135863,STU-6135863-01,ETH,,biochar,total,Treatment T6 2 t/ha maize cob biochar + 100 kg/ha NPS: total variable cost (TVC) of partial budget (NPS fertilizer cost + application cost of biochar and NPS; biochar material itself apparently not priced; urea common to all plots not included),1475.00,,,per_ha,ETB,2020,assumed_data_year,unstated,,,,,unstated,yes,unstated,unstated,unstated,unstated,unstated,,,trial_record,,,,,1,,,unstated,yes,,,QTE-6135863-015
CST-6135863-007,SRC-6135863,STU-6135863-01,ETH,,biochar,total,Treatment T7 4 t/ha maize cob biochar + 0 kg/ha NPS: total variable cost (TVC) of partial budget (NPS fertilizer cost + application cost of biochar and NPS; biochar material itself apparently not priced; urea common to all plots not included),100.00,,,per_ha,ETB,2020,assumed_data_year,unstated,,,,,unstated,yes,unstated,unstated,unstated,unstated,unstated,,,trial_record,,,,,1,,,unstated,yes,,,QTE-6135863-015
CST-6135863-008,SRC-6135863,STU-6135863-01,ETH,,biochar,total,Treatment T8 4 t/ha maize cob biochar + 50 kg/ha NPS: total variable cost (TVC) of partial budget (NPS fertilizer cost + application cost of biochar and NPS; biochar material itself apparently not priced; urea common to all plots not included),812.50,,,per_ha,ETB,2020,assumed_data_year,unstated,,,,,unstated,yes,unstated,unstated,unstated,unstated,unstated,,,trial_record,,,,,1,,,unstated,yes,,,QTE-6135863-015
CST-6135863-009,SRC-6135863,STU-6135863-01,ETH,,biochar,total,Treatment T9 4 t/ha maize cob biochar + 100 kg/ha NPS: total variable cost (TVC) of partial budget (NPS fertilizer cost + application cost of biochar and NPS; biochar material itself apparently not priced; urea common to all plots not included),1525.00,,,per_ha,ETB,2020,assumed_data_year,unstated,,,,,unstated,yes,unstated,unstated,unstated,unstated,unstated,,,trial_record,,,,,1,,,unstated,yes,,,QTE-6135863-015
CST-6135863-010,SRC-6135863,STU-6135863-01,ETH,,biochar,total,Treatment T10 6 t/ha maize cob biochar + 0 kg/ha NPS: total variable cost (TVC) of partial budget (NPS fertilizer cost + application cost of biochar and NPS; biochar material itself apparently not priced; urea common to all plots not included),150.00,,,per_ha,ETB,2020,assumed_data_year,unstated,,,,,unstated,yes,unstated,unstated,unstated,unstated,unstated,,,trial_record,,,,,1,,,unstated,yes,,,QTE-6135863-015
CST-6135863-011,SRC-6135863,STU-6135863-01,ETH,,biochar,total,Treatment T11 6 t/ha maize cob biochar + 50 kg/ha NPS: total variable cost (TVC) of partial budget (NPS fertilizer cost + application cost of biochar and NPS; biochar material itself apparently not priced; urea common to all plots not included),862.50,,,per_ha,ETB,2020,assumed_data_year,unstated,,,,,unstated,yes,unstated,unstated,unstated,unstated,unstated,,,trial_record,,,,,1,,,unstated,yes,,,QTE-6135863-015
CST-6135863-012,SRC-6135863,STU-6135863-01,ETH,,biochar,total,Treatment T12 6 t/ha maize cob biochar + 100 kg/ha NPS: total variable cost (TVC) of partial budget (NPS fertilizer cost + application cost of biochar and NPS; biochar material itself apparently not priced; urea common to all plots not included),1575.00,,,per_ha,ETB,2020,assumed_data_year,unstated,,,,,unstated,yes,unstated,unstated,unstated,unstated,unstated,,,trial_record,,,,,1,,,unstated,yes,,,QTE-6135863-015
CST-6135863-013,SRC-6135863,STU-6135863-01,ETH,,biochar,total,Treatment T13 8 t/ha maize cob biochar + 0 kg/ha NPS: total variable cost (TVC) of partial budget (NPS fertilizer cost + application cost of biochar and NPS; biochar material itself apparently not priced; urea common to all plots not included),200.00,,,per_ha,ETB,2020,assumed_data_year,unstated,,,,,unstated,yes,unstated,unstated,unstated,unstated,unstated,,,trial_record,,,,,1,,,unstated,yes,,,QTE-6135863-015
CST-6135863-014,SRC-6135863,STU-6135863-01,ETH,,biochar,total,Treatment T14 8 t/ha maize cob biochar + 50 kg/ha NPS: total variable cost (TVC) of partial budget (NPS fertilizer cost + application cost of biochar and NPS; biochar material itself apparently not priced; urea common to all plots not included),912.50,,,per_ha,ETB,2020,assumed_data_year,unstated,,,,,unstated,yes,unstated,unstated,unstated,unstated,unstated,,,trial_record,,,,,1,,,unstated,yes,,,QTE-6135863-015
CST-6135863-015,SRC-6135863,STU-6135863-01,ETH,,biochar,total,Treatment T15 8 t/ha maize cob biochar + 100 kg/ha NPS: total variable cost (TVC) of partial budget (NPS fertilizer cost + application cost of biochar and NPS; biochar material itself apparently not priced; urea common to all plots not included),1625.00,,,per_ha,ETB,2020,assumed_data_year,unstated,,,,,unstated,yes,unstated,unstated,unstated,unstated,unstated,,,trial_record,,,,,1,,,unstated,yes,,,QTE-6135863-015
CST-6137948-001,SRC-6137948,STU-6137948-01,GHA,Ashanti; Brong Ahafo,cover_crops,total,"Treatment Mucuna spp. fallow: total variable cost over two seasons (20 months; legume establishment, fallow clearing, weeding succeeding maize) (Table 2)",396000,,,per_ha,GHC,2002,assumed_data_year,yes,,,,value not stated; local daily wage rate (by-day hired labour),unstated,yes,no,no,no,no,no,Maize and legume seeds/planting materials and technical backstopping supplied by researchers during the trial (costed in the budget as if farmer-paid),,expert_estimate,,,,,,,,farmer,yes,,,QTE-6137948-011
CST-6137948-002,SRC-6137948,STU-6137948-01,GHA,Ashanti; Brong Ahafo,cover_crops,total,"Treatment Canavalia spp. fallow: total variable cost over two seasons (20 months; legume establishment, fallow clearing, weeding succeeding maize) (Table 2)",532000,,,per_ha,GHC,2002,assumed_data_year,yes,,,,value not stated; local daily wage rate (by-day hired labour),unstated,yes,no,no,no,no,no,Maize and legume seeds/planting materials and technical backstopping supplied by researchers during the trial (costed in the budget as if farmer-paid),,expert_estimate,,,,,,,,farmer,yes,,,QTE-6137948-011
CST-6137948-003,SRC-6137948,STU-6137948-01,GHA,Ashanti; Brong Ahafo,cover_crops,total,"Treatment Pueraria phaseoloides fallow: total variable cost over two seasons (20 months; legume establishment, fallow clearing, weeding succeeding maize) (Table 2)",328000,,,per_ha,GHC,2002,assumed_data_year,yes,,,,value not stated; local daily wage rate (by-day hired labour),unstated,yes,no,no,no,no,no,Maize and legume seeds/planting materials and technical backstopping supplied by researchers during the trial (costed in the budget as if farmer-paid),,expert_estimate,,,,,,,,farmer,yes,,,QTE-6137948-011
CST-6137948-004,SRC-6137948,STU-6137948-01,GHA,Ashanti; Brong Ahafo,cover_crops,total,"Treatment Lablab purpureum fallow: total variable cost over two seasons (20 months; legume establishment, fallow clearing, weeding succeeding maize) (Table 2)",301000,,,per_ha,GHC,2002,assumed_data_year,yes,,,,value not stated; local daily wage rate (by-day hired labour),unstated,yes,no,no,no,no,no,Maize and legume seeds/planting materials and technical backstopping supplied by researchers during the trial (costed in the budget as if farmer-paid),,expert_estimate,,,,,,,,farmer,yes,,,QTE-6137948-011
CST-6137948-005,SRC-6137948,STU-6137948-01,GHA,Ashanti; Brong Ahafo,cover_crops,total,"Treatment Stylosanthes spp. fallow: total variable cost over two seasons (20 months; legume establishment, fallow clearing, weeding succeeding maize) (Table 2)",317000,,,per_ha,GHC,2002,assumed_data_year,yes,,,,value not stated; local daily wage rate (by-day hired labour),unstated,yes,no,no,no,no,no,Maize and legume seeds/planting materials and technical backstopping supplied by researchers during the trial (costed in the budget as if farmer-paid),,expert_estimate,,,,,,,,farmer,yes,,,QTE-6137948-011
CST-6137948-006,SRC-6137948,STU-6137948-01,GHA,Ashanti; Brong Ahafo,cover_crops,total,"Control Natural fallow: total variable cost over two seasons (20 months; legume establishment, fallow clearing, weeding succeeding maize) (Table 2)",314000,,,per_ha,GHC,2002,assumed_data_year,yes,,,,value not stated; local daily wage rate (by-day hired labour),unstated,no,no,no,no,no,no,,,expert_estimate,,,,,,,,farmer,yes,,,QTE-6137948-011
CST-6137948-007,SRC-6137948,STU-6137948-01,GHA,Ashanti; Brong Ahafo,cover_crops,variable_running,"Treatment Mucuna spp. fallow: Land preparation (clearing, burning &stumping) (Table 6, two-season budget)",234380,,,per_ha,GHC,2002,assumed_data_year,yes,,,,value not stated; local daily wage rate (by-day hired labour),unstated,no,no,no,no,no,no,,,expert_estimate,Feb-Mar (season-2 clearing of fallow),,,,,,,farmer,no,,,QTE-6137948-012
CST-6137948-008,SRC-6137948,STU-6137948-01,GHA,Ashanti; Brong Ahafo,cover_crops,variable_running,"Treatment Canavalia spp. fallow: Land preparation (clearing, burning &stumping) (Table 6, two-season budget)",275472,,,per_ha,GHC,2002,assumed_data_year,yes,,,,value not stated; local daily wage rate (by-day hired labour),unstated,no,no,no,no,no,no,,,expert_estimate,Feb-Mar (season-2 clearing of fallow),,,,,,,farmer,no,,,QTE-6137948-012
CST-6137948-009,SRC-6137948,STU-6137948-01,GHA,Ashanti; Brong Ahafo,cover_crops,variable_running,"Treatment Stylosanthes spp. fallow: Land preparation (clearing, burning &stumping) (Table 6, two-season budget)",240083,,,per_ha,GHC,2002,assumed_data_year,yes,,,,value not stated; local daily wage rate (by-day hired labour),unstated,no,no,no,no,no,no,,,expert_estimate,Feb-Mar (season-2 clearing of fallow),,,,,,,farmer,no,,,QTE-6137948-012
CST-6137948-010,SRC-6137948,STU-6137948-01,GHA,Ashanti; Brong Ahafo,cover_crops,variable_running,"Treatment Pueraria spp. fallow: Land preparation (clearing, burning &stumping) (Table 6, two-season budget)",247861,,,per_ha,GHC,2002,assumed_data_year,yes,,,,value not stated; local daily wage rate (by-day hired labour),unstated,no,no,no,no,no,no,,,expert_estimate,Feb-Mar (season-2 clearing of fallow),,,,,,,farmer,no,,,QTE-6137948-012
CST-6137948-011,SRC-6137948,STU-6137948-01,GHA,Ashanti; Brong Ahafo,cover_crops,variable_running,"Treatment Lablab pupureum fallow: Land preparation (clearing, burning &stumping) (Table 6, two-season budget)",226083,,,per_ha,GHC,2002,assumed_data_year,yes,,,,value not stated; local daily wage rate (by-day hired labour),unstated,no,no,no,no,no,no,,,expert_estimate,Feb-Mar (season-2 clearing of fallow),,,,,,,farmer,no,,,QTE-6137948-012
CST-6137948-012,SRC-6137948,STU-6137948-01,GHA,Ashanti; Brong Ahafo,cover_crops,variable_running,"Control Natural fallow: Land preparation (clearing, burning &stumping) (Table 6, two-season budget)",258361,,,per_ha,GHC,2002,assumed_data_year,yes,,,,value not stated; local daily wage rate (by-day hired labour),unstated,no,no,no,no,no,no,,,expert_estimate,Feb-Mar (season-2 clearing of fallow),,,,,,,farmer,no,,,QTE-6137948-012
CST-6137948-013,SRC-6137948,STU-6137948-01,GHA,Ashanti; Brong Ahafo,cover_crops,variable_running,"Treatment Mucuna spp. fallow: Weeding maize (season 2) (Table 6, two-season budget)",75000,,,per_ha,GHC,2002,assumed_data_year,yes,,,,value not stated; local daily wage rate (by-day hired labour),unstated,no,no,no,no,no,no,,,expert_estimate,season 2 (2002),,,,2,,,farmer,no,,,QTE-6137948-013
CST-6137948-014,SRC-6137948,STU-6137948-01,GHA,Ashanti; Brong Ahafo,cover_crops,variable_running,"Treatment Canavalia spp. fallow: Weeding maize (season 2) (Table 6, two-season budget)",75000,,,per_ha,GHC,2002,assumed_data_year,yes,,,,value not stated; local daily wage rate (by-day hired labour),unstated,no,no,no,no,no,no,,,expert_estimate,season 2 (2002),,,,2,,,farmer,no,,,QTE-6137948-013
CST-6137948-015,SRC-6137948,STU-6137948-01,GHA,Ashanti; Brong Ahafo,cover_crops,variable_running,"Treatment Stylosanthes spp. fallow: Weeding maize (season 2) (Table 6, two-season budget)",75000,,,per_ha,GHC,2002,assumed_data_year,yes,,,,value not stated; local daily wage rate (by-day hired labour),unstated,no,no,no,no,no,no,,,expert_estimate,season 2 (2002),,,,2,,,farmer,no,,,QTE-6137948-013
CST-6137948-016,SRC-6137948,STU-6137948-01,GHA,Ashanti; Brong Ahafo,cover_crops,variable_running,"Treatment Pueraria spp. fallow: Weeding maize (season 2) (Table 6, two-season budget)",75000,,,per_ha,GHC,2002,assumed_data_year,yes,,,,value not stated; local daily wage rate (by-day hired labour),unstated,no,no,no,no,no,no,,,expert_estimate,season 2 (2002),,,,2,,,farmer,no,,,QTE-6137948-013
CST-6137948-017,SRC-6137948,STU-6137948-01,GHA,Ashanti; Brong Ahafo,cover_crops,variable_running,"Treatment Lablab pupureum fallow: Weeding maize (season 2) (Table 6, two-season budget)",75000,,,per_ha,GHC,2002,assumed_data_year,yes,,,,value not stated; local daily wage rate (by-day hired labour),unstated,no,no,no,no,no,no,,,expert_estimate,season 2 (2002),,,,2,,,farmer,no,,,QTE-6137948-013
CST-6137948-018,SRC-6137948,STU-6137948-01,GHA,Ashanti; Brong Ahafo,cover_crops,variable_running,"Control Natural fallow: Weeding maize (season 2) (Table 6, two-season budget)",162500,,,per_ha,GHC,2002,assumed_data_year,yes,,,,value not stated; local daily wage rate (by-day hired labour),unstated,no,no,no,no,no,no,,,expert_estimate,season 2 (2002),,,,2,,,farmer,no,,,QTE-6137948-013
CST-6137948-019,SRC-6137948,STU-6137948-01,GHA,Ashanti; Brong Ahafo,cover_crops,establishment_fixed,"Treatment Mucuna spp. fallow: Planting legume (Table 6, two-season budget)",40000,,,per_ha,GHC,2001,assumed_data_year,yes,,,,value not stated; local daily wage rate (by-day hired labour),unstated,no,no,no,no,no,no,,,expert_estimate,Jun-Jul (relay 5-8 weeks after maize sowing),,,,1,,,farmer,no,,,QTE-6137948-012
CST-6137948-020,SRC-6137948,STU-6137948-01,GHA,Ashanti; Brong Ahafo,cover_crops,establishment_fixed,"Treatment Canavalia spp. fallow: Planting legume (Table 6, two-season budget)",40000,,,per_ha,GHC,2001,assumed_data_year,yes,,,,value not stated; local daily wage rate (by-day hired labour),unstated,no,no,no,no,no,no,,,expert_estimate,Jun-Jul (relay 5-8 weeks after maize sowing),,,,1,,,farmer,no,,,QTE-6137948-012
CST-6137948-021,SRC-6137948,STU-6137948-01,GHA,Ashanti; Brong Ahafo,cover_crops,establishment_fixed,"Treatment Stylosanthes spp. fallow: Planting legume (Table 6, two-season budget)",40000,,,per_ha,GHC,2001,assumed_data_year,yes,,,,value not stated; local daily wage rate (by-day hired labour),unstated,no,no,no,no,no,no,,,expert_estimate,Jun-Jul (relay 5-8 weeks after maize sowing),,,,1,,,farmer,no,,,QTE-6137948-012
CST-6137948-022,SRC-6137948,STU-6137948-01,GHA,Ashanti; Brong Ahafo,cover_crops,establishment_fixed,"Treatment Pueraria spp. fallow: Planting legume (Table 6, two-season budget)",40000,,,per_ha,GHC,2001,assumed_data_year,yes,,,,value not stated; local daily wage rate (by-day hired labour),unstated,no,no,no,no,no,no,,,expert_estimate,Jun-Jul (relay 5-8 weeks after maize sowing),,,,1,,,farmer,no,,,QTE-6137948-012
CST-6137948-023,SRC-6137948,STU-6137948-01,GHA,Ashanti; Brong Ahafo,cover_crops,establishment_fixed,"Treatment Lablab pupureum fallow: Planting legume (Table 6, two-season budget)",40000,,,per_ha,GHC,2001,assumed_data_year,yes,,,,value not stated; local daily wage rate (by-day hired labour),unstated,no,no,no,no,no,no,,,expert_estimate,Jun-Jul (relay 5-8 weeks after maize sowing),,,,1,,,farmer,no,,,QTE-6137948-012
CST-6137948-024,SRC-6137948,STU-6137948-01,GHA,Ashanti; Brong Ahafo,cover_crops,establishment_fixed,"Treatment Mucuna spp. fallow: Weeding legume (Table 6, two-season budget)",60000,,,per_ha,GHC,2001,assumed_data_year,yes,,,,value not stated; local daily wage rate (by-day hired labour),unstated,no,no,no,no,no,no,,,expert_estimate,"after relay, season 1",,,,1,,,farmer,no,,,QTE-6137948-012
CST-6137948-025,SRC-6137948,STU-6137948-01,GHA,Ashanti; Brong Ahafo,cover_crops,establishment_fixed,"Treatment Canavalia spp. fallow: Weeding legume (Table 6, two-season budget)",60000,,,per_ha,GHC,2001,assumed_data_year,yes,,,,value not stated; local daily wage rate (by-day hired labour),unstated,no,no,no,no,no,no,,,expert_estimate,"after relay, season 1",,,,1,,,farmer,no,,,QTE-6137948-012
CST-6137948-026,SRC-6137948,STU-6137948-01,GHA,Ashanti; Brong Ahafo,cover_crops,establishment_fixed,"Treatment Stylosanthes spp. fallow: Weeding legume (Table 6, two-season budget)",60000,,,per_ha,GHC,2001,assumed_data_year,yes,,,,value not stated; local daily wage rate (by-day hired labour),unstated,no,no,no,no,no,no,,,expert_estimate,"after relay, season 1",,,,1,,,farmer,no,,,QTE-6137948-012
CST-6137948-027,SRC-6137948,STU-6137948-01,GHA,Ashanti; Brong Ahafo,cover_crops,establishment_fixed,"Treatment Pueraria spp. fallow: Weeding legume (Table 6, two-season budget)",60000,,,per_ha,GHC,2001,assumed_data_year,yes,,,,value not stated; local daily wage rate (by-day hired labour),unstated,no,no,no,no,no,no,,,expert_estimate,"after relay, season 1",,,,1,,,farmer,no,,,QTE-6137948-012
CST-6137948-028,SRC-6137948,STU-6137948-01,GHA,Ashanti; Brong Ahafo,cover_crops,establishment_fixed,"Treatment Lablab pupureum fallow: Weeding legume (Table 6, two-season budget)",60000,,,per_ha,GHC,2001,assumed_data_year,yes,,,,value not stated; local daily wage rate (by-day hired labour),unstated,no,no,no,no,no,no,,,expert_estimate,"after relay, season 1",,,,1,,,farmer,no,,,QTE-6137948-012
CST-6137948-029,SRC-6137948,STU-6137948-01,GHA,Ashanti; Brong Ahafo,cover_crops,total,"Treatment Mucuna spp. fallow: Total labour costs (Table 6, two-season budget)",1118317,,,per_ha,GHC,2002,assumed_data_year,yes,,,,value not stated; local daily wage rate (by-day hired labour),unstated,no,no,no,no,no,no,,,expert_estimate,,,,,,,,farmer,yes,,,QTE-6137948-012
CST-6137948-030,SRC-6137948,STU-6137948-01,GHA,Ashanti; Brong Ahafo,cover_crops,total,"Treatment Canavalia spp. fallow: Total labour costs (Table 6, two-season budget)",1153159,,,per_ha,GHC,2002,assumed_data_year,yes,,,,value not stated; local daily wage rate (by-day hired labour),unstated,no,no,no,no,no,no,,,expert_estimate,,,,,,,,farmer,yes,,,QTE-6137948-012
CST-6137948-031,SRC-6137948,STU-6137948-01,GHA,Ashanti; Brong Ahafo,cover_crops,total,"Treatment Stylosanthes spp. fallow: Total labour costs (Table 6, two-season budget)",1105270,,,per_ha,GHC,2002,assumed_data_year,yes,,,,value not stated; local daily wage rate (by-day hired labour),unstated,no,no,no,no,no,no,,,expert_estimate,,,,,,,,farmer,yes,,,QTE-6137948-012
CST-6137948-032,SRC-6137948,STU-6137948-01,GHA,Ashanti; Brong Ahafo,cover_crops,total,"Treatment Pueraria spp. fallow: Total labour costs (Table 6, two-season budget)",1119298,,,per_ha,GHC,2002,assumed_data_year,yes,,,,value not stated; local daily wage rate (by-day hired labour),unstated,no,no,no,no,no,no,,,expert_estimate,,,,,,,,farmer,yes,,,QTE-6137948-012
CST-6137948-033,SRC-6137948,STU-6137948-01,GHA,Ashanti; Brong Ahafo,cover_crops,total,"Treatment Lablab pupureum fallow: Total labour costs (Table 6, two-season budget)",1103770,,,per_ha,GHC,2002,assumed_data_year,yes,,,,value not stated; local daily wage rate (by-day hired labour),unstated,no,no,no,no,no,no,,,expert_estimate,,,,,,,,farmer,yes,,,QTE-6137948-012
CST-6137948-034,SRC-6137948,STU-6137948-01,GHA,Ashanti; Brong Ahafo,cover_crops,total,"Control Natural fallow: Total labour costs (Table 6, two-season budget)",1105298,,,per_ha,GHC,2002,assumed_data_year,yes,,,,value not stated; local daily wage rate (by-day hired labour),unstated,no,no,no,no,no,no,,,expert_estimate,,,,,,,,farmer,yes,,,QTE-6137948-012
CST-6137948-035,SRC-6137948,STU-6137948-01,GHA,Ashanti; Brong Ahafo,cover_crops,establishment_fixed,"Treatment Mucuna spp. fallow: Legume seeds (Table 6, two-season budget)",89250,,,per_ha,GHC,2001,assumed_data_year,no,,,,,unstated,yes,no,no,no,no,no,Maize and legume seeds/planting materials and technical backstopping supplied by researchers during the trial (costed in the budget as if farmer-paid),,expert_estimate,,,,,1,,,farmer,no,,,QTE-6137948-011
CST-6137948-036,SRC-6137948,STU-6137948-01,GHA,Ashanti; Brong Ahafo,cover_crops,establishment_fixed,"Treatment Canavalia spp. fallow: Legume seeds (Table 6, two-season budget)",177738,,,per_ha,GHC,2001,assumed_data_year,no,,,,,unstated,yes,no,no,no,no,no,Maize and legume seeds/planting materials and technical backstopping supplied by researchers during the trial (costed in the budget as if farmer-paid),,expert_estimate,,,,,1,,,farmer,no,,,QTE-6137948-011
CST-6137948-037,SRC-6137948,STU-6137948-01,GHA,Ashanti; Brong Ahafo,cover_crops,establishment_fixed,"Treatment Stylosanthes spp. fallow: Legume seeds (Table 6, two-season budget)",4000,,,per_ha,GHC,2001,assumed_data_year,no,,,,,unstated,yes,no,no,no,no,no,Maize and legume seeds/planting materials and technical backstopping supplied by researchers during the trial (costed in the budget as if farmer-paid),,expert_estimate,,,,,1,,,farmer,no,,,QTE-6137948-011
CST-6137948-038,SRC-6137948,STU-6137948-01,GHA,Ashanti; Brong Ahafo,cover_crops,establishment_fixed,"Treatment Pueraria spp. fallow: Legume seeds (Table 6, two-season budget)",6000,,,per_ha,GHC,2001,assumed_data_year,no,,,,,unstated,yes,no,no,no,no,no,Maize and legume seeds/planting materials and technical backstopping supplied by researchers during the trial (costed in the budget as if farmer-paid),,expert_estimate,,,,,1,,,farmer,no,,,QTE-6137948-011
CST-6137948-039,SRC-6137948,STU-6137948-01,GHA,Ashanti; Brong Ahafo,cover_crops,establishment_fixed,"Treatment Lablab pupureum fallow: Legume seeds (Table 6, two-season budget)",4000,,,per_ha,GHC,2001,assumed_data_year,no,,,,,unstated,yes,no,no,no,no,no,Maize and legume seeds/planting materials and technical backstopping supplied by researchers during the trial (costed in the budget as if farmer-paid),,expert_estimate,,,,,1,,,farmer,no,,,QTE-6137948-011
CST-6137948-040,SRC-6137948,STU-6137948-01,GHA,Ashanti; Brong Ahafo,cover_crops,total,"Treatment Mucuna spp. fallow: Total expenses (cedi) (Table 6, two-season budget)",2096000,,,per_ha,GHC,2002,assumed_data_year,yes,,,,value not stated; local daily wage rate (by-day hired labour),unstated,yes,yes,purchase,no,no,yes,Maize and legume seeds/planting materials and technical backstopping supplied by researchers during the trial (costed in the budget as if farmer-paid),,expert_estimate,,,,,,,,farmer,yes,,,QTE-6137948-038
CST-6137948-041,SRC-6137948,STU-6137948-01,GHA,Ashanti; Brong Ahafo,cover_crops,total,"Treatment Canavalia spp. fallow: Total expenses (cedi) (Table 6, two-season budget)",2189000,,,per_ha,GHC,2002,assumed_data_year,yes,,,,value not stated; local daily wage rate (by-day hired labour),unstated,yes,yes,purchase,no,no,yes,Maize and legume seeds/planting materials and technical backstopping supplied by researchers during the trial (costed in the budget as if farmer-paid),,expert_estimate,,,,,,,,farmer,yes,,,QTE-6137948-038
CST-6137948-042,SRC-6137948,STU-6137948-01,GHA,Ashanti; Brong Ahafo,cover_crops,total,"Treatment Stylosanthes spp. fallow: Total expenses (cedi) (Table 6, two-season budget)",1967000,,,per_ha,GHC,2002,assumed_data_year,yes,,,,value not stated; local daily wage rate (by-day hired labour),unstated,yes,yes,purchase,no,no,yes,Maize and legume seeds/planting materials and technical backstopping supplied by researchers during the trial (costed in the budget as if farmer-paid),,expert_estimate,,,,,,,,farmer,yes,,,QTE-6137948-038
CST-6137948-043,SRC-6137948,STU-6137948-01,GHA,Ashanti; Brong Ahafo,cover_crops,total,"Treatment Pueraria spp. fallow: Total expenses (cedi) (Table 6, two-season budget)",1973000,,,per_ha,GHC,2002,assumed_data_year,yes,,,,value not stated; local daily wage rate (by-day hired labour),unstated,yes,yes,purchase,no,no,yes,Maize and legume seeds/planting materials and technical backstopping supplied by researchers during the trial (costed in the budget as if farmer-paid),,expert_estimate,,,,,,,,farmer,yes,,,QTE-6137948-038
CST-6137948-044,SRC-6137948,STU-6137948-01,GHA,Ashanti; Brong Ahafo,cover_crops,total,"Treatment Lablab pupureum fallow: Total expenses (cedi) (Table 6, two-season budget)",1946000,,,per_ha,GHC,2002,assumed_data_year,yes,,,,value not stated; local daily wage rate (by-day hired labour),unstated,yes,yes,purchase,no,no,yes,Maize and legume seeds/planting materials and technical backstopping supplied by researchers during the trial (costed in the budget as if farmer-paid),,expert_estimate,,,,,,,,farmer,yes,,,QTE-6137948-038
CST-6137948-045,SRC-6137948,STU-6137948-01,GHA,Ashanti; Brong Ahafo,cover_crops,total,"Control Natural fallow: Total expenses (cedi) (Table 6, two-season budget)",1898000,,,per_ha,GHC,2002,assumed_data_year,yes,,,,value not stated; local daily wage rate (by-day hired labour),unstated,yes,yes,purchase,no,no,yes,Seed maize supplied by researchers during the trial (costed in the budget),,expert_estimate,,,,,,,,farmer,yes,,,QTE-6137948-038
CST-6137948-046,SRC-6137948,STU-6137948-01,GHA,Ashanti; Brong Ahafo,cover_crops,establishment_fixed,"Treatment Legume fallow (mean of all legumes): labour for planting (relaying) legume, man-days/ha (1 man-day = 5 h hired labour) (Table 3)",,,,per_ha,,,,yes,6.7,,,,unstated,no,no,no,no,no,no,,,expert_estimate,Jun-Jul,,,,1,,,farmer,no,,,QTE-6137948-015
CST-6137948-047,SRC-6137948,STU-6137948-01,GHA,Ashanti; Brong Ahafo,cover_crops,establishment_fixed,"Treatment Legume fallow (mean of all legumes): labour for weeding legume, man-days/ha (1 man-day = 5 h hired labour) (Table 3)",,,,per_ha,,,,yes,16.7,,,,unstated,no,no,no,no,no,no,,,expert_estimate,"after relay, season 1",,,,1,,,farmer,no,,,QTE-6137948-015
CST-6137948-048,SRC-6137948,STU-6137948-01,GHA,Ashanti; Brong Ahafo,cover_crops,variable_running,"Treatment Legume fallow (mean of all legumes): labour for clearing legume fallow, man-days/ha (1 man-day = 5 h hired labour) (Table 3)",,,,per_ha,,,,yes,7.0,,,,unstated,no,no,no,no,no,no,,,trial_record,Feb-Apr before season-2 maize,,,,2,,,farmer,no,,,QTE-6137948-015
CST-6137948-049,SRC-6137948,STU-6137948-01,GHA,Ashanti; Brong Ahafo,cover_crops,variable_running,"Treatment Legume fallow (mean of all legumes): labour for weeding legume maize plot (once), man-days/ha (1 man-day = 5 h hired labour) (Table 3)",,,,per_ha,,,,yes,15.0,,,,unstated,no,no,no,no,no,no,,,expert_estimate,season 2,,,,2,,,farmer,no,,,QTE-6137948-015
CST-6137948-050,SRC-6137948,STU-6137948-01,GHA,Ashanti; Brong Ahafo,cover_crops,total,"Treatment Legume fallow (mean of all legumes): labour for legume total labour, man-days/ha (1 man-day = 5 h hired labour) (Table 3)",,,,per_ha,,,,yes,45.4,,,,unstated,no,no,no,no,no,no,,,expert_estimate,,,,,,,,farmer,yes,,,QTE-6137948-015
CST-6137948-051,SRC-6137948,STU-6137948-01,GHA,Ashanti; Brong Ahafo,cover_crops,variable_running,"Control Natural fallow: labour for clearing natural fallow, man-days/ha (1 man-day = 5 h hired labour) (Table 3)",,,,per_ha,,,,yes,9.3,,,,unstated,no,no,no,no,no,no,,,trial_record,Feb-Apr before season-2 maize,,,,2,,,farmer,no,,,QTE-6137948-015
CST-6137948-052,SRC-6137948,STU-6137948-01,GHA,Ashanti; Brong Ahafo,cover_crops,variable_running,"Control Natural fallow: labour for weeding natural fallow maize plot (twice), man-days/ha (1 man-day = 5 h hired labour) (Table 3)",,,,per_ha,,,,yes,30.0,,,,unstated,no,no,no,no,no,no,,,expert_estimate,season 2,,,,2,,,farmer,no,,,QTE-6137948-015
CST-6137948-053,SRC-6137948,STU-6137948-01,GHA,Ashanti; Brong Ahafo,cover_crops,total,"Control Natural fallow: labour for natural fallow total labour, man-days/ha (1 man-day = 5 h hired labour) (Table 3)",,,,per_ha,,,,yes,39.3,,,,unstated,no,no,no,no,no,no,,,expert_estimate,,,,,,,,farmer,yes,,,QTE-6137948-015
CST-6137948-054,SRC-6137948,STU-6137948-01,GHA,Ashanti; Brong Ahafo,cover_crops,total,"Treatment Mucuna spp. fallow: total labour over two seasons, man-days/ha (Table 4)",,,,per_ha,,,,yes,44,,,,unstated,no,no,no,no,no,no,,,expert_estimate,,,,,,,,farmer,yes,,,QTE-6137948-015
CST-6137948-055,SRC-6137948,STU-6137948-01,GHA,Ashanti; Brong Ahafo,cover_crops,total,"Treatment Canavalia spp. fallow: total labour over two seasons, man-days/ha (Table 4)",,,,per_ha,,,,yes,50,,,,unstated,no,no,no,no,no,no,,,expert_estimate,,,,,,,,farmer,yes,,,QTE-6137948-015
CST-6137948-056,SRC-6137948,STU-6137948-01,GHA,Ashanti; Brong Ahafo,cover_crops,total,"Treatment Pueraria phaseoloides fallow: total labour over two seasons, man-days/ha (Table 4)",,,,per_ha,,,,yes,46,,,,unstated,no,no,no,no,no,no,,,expert_estimate,,,,,,,,farmer,yes,,,QTE-6137948-015
CST-6137948-057,SRC-6137948,STU-6137948-01,GHA,Ashanti; Brong Ahafo,cover_crops,total,"Treatment Lablab pupureum fallow: total labour over two seasons, man-days/ha (Table 4)",,,,per_ha,,,,yes,43,,,,unstated,no,no,no,no,no,no,,,expert_estimate,,,,,,,,farmer,yes,,,QTE-6137948-015
CST-6137948-058,SRC-6137948,STU-6137948-01,GHA,Ashanti; Brong Ahafo,cover_crops,total,"Treatment Stylosanthes spp. fallow: total labour over two seasons, man-days/ha (Table 4)",,,,per_ha,,,,yes,45,,,,unstated,no,no,no,no,no,no,,,expert_estimate,,,,,,,,farmer,yes,,,QTE-6137948-015
CST-6137948-059,SRC-6137948,STU-6137948-01,GHA,Ashanti; Brong Ahafo,cover_crops,total,"Control Natural fallow: total labour over two seasons, man-days/ha (Table 4)",,,,per_ha,,,,yes,39,,,,unstated,no,no,no,no,no,no,,,expert_estimate,,,,,,,,farmer,yes,,,QTE-6137948-015
CST-6137948-060,SRC-6137948,STU-6137948-01,GHA,Ashanti; Brong Ahafo,cover_crops,variable_running,"Treatment Lablab pupureum fallow: labour for clearing the ~8-month fallow before season-2 maize, man-days/ha, average (range) (Table 5)",,,,per_ha,,,,yes,4.7,4.4,5.2,,unstated,no,no,no,no,no,no,,,trial_record,Mar-Apr (p. 8) / Feb-Mar (p. 7),,,,2,,,farmer,no,,,QTE-6137948-010
CST-6137948-061,SRC-6137948,STU-6137948-01,GHA,Ashanti; Brong Ahafo,cover_crops,variable_running,"Treatment Mucuna spp. fallow: labour for clearing the ~8-month fallow before season-2 maize, man-days/ha, average (range) (Table 5)",,,,per_ha,,,,yes,5.9,3.8,8.0,,unstated,no,no,no,no,no,no,,,trial_record,Mar-Apr (p. 8) / Feb-Mar (p. 7),,,,2,,,farmer,no,,,QTE-6137948-010
CST-6137948-062,SRC-6137948,STU-6137948-01,GHA,Ashanti; Brong Ahafo,cover_crops,variable_running,"Treatment Stylosanthes spp. fallow: labour for clearing the ~8-month fallow before season-2 maize, man-days/ha, average (range) (Table 5)",,,,per_ha,,,,yes,6.7,6.4,7.3,,unstated,no,no,no,no,no,no,,,trial_record,Mar-Apr (p. 8) / Feb-Mar (p. 7),,,,2,,,farmer,no,,,QTE-6137948-010
CST-6137948-063,SRC-6137948,STU-6137948-01,GHA,Ashanti; Brong Ahafo,cover_crops,variable_running,"Treatment Pueraria phaseoloides fallow: labour for clearing the ~8-month fallow before season-2 maize, man-days/ha, average (range) (Table 5)",,,,per_ha,,,,yes,7.8,7.5,8.1,,unstated,no,no,no,no,no,no,,,trial_record,Mar-Apr (p. 8) / Feb-Mar (p. 7),,,,2,,,farmer,no,,,QTE-6137948-010
CST-6137948-064,SRC-6137948,STU-6137948-01,GHA,Ashanti; Brong Ahafo,cover_crops,variable_running,"Treatment Canavalia ensiformis fallow: labour for clearing the ~8-month fallow before season-2 maize, man-days/ha, average (range) (Table 5)",,,,per_ha,,,,yes,11.7,9.1,13.3,,unstated,no,no,no,no,no,no,,,trial_record,Mar-Apr (p. 8) / Feb-Mar (p. 7),,,,2,,,farmer,no,,,QTE-6137948-010
CST-6137948-065,SRC-6137948,STU-6137948-01,GHA,Ashanti; Brong Ahafo,cover_crops,variable_running,"Control Natural fallow: labour for clearing the ~8-month fallow before season-2 maize, man-days/ha, average (range) (Table 5)",,,,per_ha,,,,yes,9.3,7.8,10.7,,unstated,no,no,no,no,no,no,,,trial_record,Mar-Apr (p. 8) / Feb-Mar (p. 7),,,,2,,,farmer,no,,,QTE-6137948-010
