effect_id,study_id,site_season_id,treatment_arm,control_arm,dose,aggregation,reported_condition,outcome,commodity,unit,treatment_mean,control_mean,n_treatment,n_control,shared_control_group,dispersion_type,dispersion_value,relative_effect,relative_effect_type,extraction_method
EFF-6134030-001,STU-6134030-01,SS-6134030-01,NT,CT,,site_season,normal,crop_yield,bean,kg ha-1,1850,1010,2,2,CT-Goma-2019_1st_season,,,,,figure_digitised
EFF-6134030-002,STU-6134030-01,SS-6134030-02,NT,CT,,site_season,stress,crop_yield,bean,kg ha-1,1840,1200,2,2,CT-Goma-2019_2nd_season,,,,,figure_digitised
EFF-6134030-003,STU-6134030-01,SS-6134030-03,NT,CT,,site_season,normal,crop_yield,bean,kg ha-1,1850,1300,2,2,CT-Goma-2020_growing-season,,,,,figure_digitised
EFF-6134030-004,STU-6134030-01,SS-6134030-04,NT,CT,,site_season,normal,crop_yield,bean,kg ha-1,1840,900,2,2,CT-Kimenyedde-2019_1st_season,,,,,figure_digitised
EFF-6134030-005,STU-6134030-01,SS-6134030-05,NT,CT,,site_season,stress,crop_yield,bean,kg ha-1,1835,500,2,2,CT-Kimenyedde-2019_2nd_season,,,,,figure_digitised
EFF-6134030-006,STU-6134030-01,SS-6134030-06,NT,CT,,site_season,normal,crop_yield,bean,kg ha-1,1840,1150,2,2,CT-Kimenyedde-2020_growing-season,,,,,figure_digitised
EFF-6134030-007,STU-6134030-01,,NT,CT,,pooled_all,pooled,crop_yield,bean,kg ha-1,1842.5,1010.0,,,CT-pooled_all,,,,,text
EFF-6134030-008,STU-6134030-01,SS-6134030-01,NT,CT,,site_season,normal,water_use,bean,"mm (growing-season actual evapotranspiration, soil water balance)",95.27,160.75,2,2,CT-Goma-2019_1st_season,,,,,table
EFF-6134030-009,STU-6134030-01,SS-6134030-02,NT,CT,,site_season,stress,water_use,bean,"mm (growing-season actual evapotranspiration, soil water balance)",99.84,173.29,2,2,CT-Goma-2019_2nd_season,,,,,table
EFF-6134030-010,STU-6134030-01,SS-6134030-03,NT,CT,,site_season,normal,water_use,bean,"mm (growing-season actual evapotranspiration, soil water balance)",96.17,155.15,2,2,CT-Goma-2020_growing-season,,,,,table
EFF-6134030-011,STU-6134030-01,SS-6134030-04,NT,CT,,site_season,normal,water_use,bean,"mm (growing-season actual evapotranspiration, soil water balance)",95.29,164.36,2,2,CT-Kimenyedde-2019_1st_season,,,,,table
EFF-6134030-012,STU-6134030-01,SS-6134030-05,NT,CT,,site_season,stress,water_use,bean,"mm (growing-season actual evapotranspiration, soil water balance)",105.89,178.11,2,2,CT-Kimenyedde-2019_2nd_season,,,,,table
EFF-6134030-013,STU-6134030-01,SS-6134030-06,NT,CT,,site_season,normal,water_use,bean,"mm (growing-season actual evapotranspiration, soil water balance)",95.69,163.06,2,2,CT-Kimenyedde-2020_growing-season,,,,,table
EFF-6134030-014,STU-6134030-01,SS-6134030-01,NT,CT,,site_season,normal,other,bean,kg m-3 (WUE-grain = grain yield / ET),1.94,0.62,2,2,CT-Goma-2019_1st_season,,,,,table
EFF-6134030-015,STU-6134030-01,SS-6134030-02,NT,CT,,site_season,stress,other,bean,kg m-3 (WUE-grain = grain yield / ET),1.8,0.71,2,2,CT-Goma-2019_2nd_season,,,,,table
EFF-6134030-016,STU-6134030-01,SS-6134030-03,NT,CT,,site_season,normal,other,bean,kg m-3 (WUE-grain = grain yield / ET),1.92,0.81,2,2,CT-Goma-2020_growing-season,,,,,table
EFF-6134030-017,STU-6134030-01,SS-6134030-04,NT,CT,,site_season,normal,other,bean,kg m-3 (WUE-grain = grain yield / ET),1.76,0.55,2,2,CT-Kimenyedde-2019_1st_season,,,,,table
EFF-6134030-018,STU-6134030-01,SS-6134030-05,NT,CT,,site_season,stress,other,bean,kg m-3 (WUE-grain = grain yield / ET),1.68,0.28,2,2,CT-Kimenyedde-2019_2nd_season,,,,,table
EFF-6134030-019,STU-6134030-01,SS-6134030-06,NT,CT,,site_season,normal,other,bean,kg m-3 (WUE-grain = grain yield / ET),1.78,0.77,2,2,CT-Kimenyedde-2020_growing-season,,,,,table
EFF-6134030-020,STU-6134030-01,,NT,CT,,pooled_all,pooled,soil_moisture,bean,mm (soil water storage 0-100 cm at planting),56.65,51.03,,,CT-pooled_all,,,,,text
EFF-6134030-021,STU-6134030-01,,NT,CT,,pooled_all,pooled,soil_moisture,bean,mm (soil water storage 0-100 cm at harvest),27.06,18.5,,,CT-pooled_all,,,,,text
EFF-6134030-022,STU-6134030-02,SS-6134030-01,SM,CT,,site_season,normal,crop_yield,bean,kg ha-1,1790,1010,2,2,CT-Goma-2019_1st_season,,,,,figure_digitised
EFF-6134030-023,STU-6134030-02,SS-6134030-02,SM,CT,,site_season,stress,crop_yield,bean,kg ha-1,1790,1200,2,2,CT-Goma-2019_2nd_season,,,,,figure_digitised
EFF-6134030-024,STU-6134030-02,SS-6134030-03,SM,CT,,site_season,normal,crop_yield,bean,kg ha-1,1840,1300,2,2,CT-Goma-2020_growing-season,,,,,figure_digitised
EFF-6134030-025,STU-6134030-02,SS-6134030-04,SM,CT,,site_season,normal,crop_yield,bean,kg ha-1,1832,900,2,2,CT-Kimenyedde-2019_1st_season,,,,,figure_digitised
EFF-6134030-026,STU-6134030-02,SS-6134030-05,SM,CT,,site_season,stress,crop_yield,bean,kg ha-1,1765,500,2,2,CT-Kimenyedde-2019_2nd_season,,,,,figure_digitised
EFF-6134030-027,STU-6134030-02,SS-6134030-06,SM,CT,,site_season,normal,crop_yield,bean,kg ha-1,1750,1150,2,2,CT-Kimenyedde-2020_growing-season,,,,,figure_digitised
EFF-6134030-028,STU-6134030-02,,SM,CT,,pooled_all,pooled,crop_yield,bean,kg ha-1,1794.5,1010.0,,,CT-pooled_all,,,,,text
EFF-6134030-029,STU-6134030-02,SS-6134030-01,SM,CT,,site_season,normal,water_use,bean,"mm (growing-season actual evapotranspiration, soil water balance)",96.17,160.75,2,2,CT-Goma-2019_1st_season,,,,,table
EFF-6134030-030,STU-6134030-02,SS-6134030-02,SM,CT,,site_season,stress,water_use,bean,"mm (growing-season actual evapotranspiration, soil water balance)",100.12,173.29,2,2,CT-Goma-2019_2nd_season,,,,,table
EFF-6134030-031,STU-6134030-02,SS-6134030-03,SM,CT,,site_season,normal,water_use,bean,"mm (growing-season actual evapotranspiration, soil water balance)",96.77,155.15,2,2,CT-Goma-2020_growing-season,,,,,table
EFF-6134030-032,STU-6134030-02,SS-6134030-04,SM,CT,,site_season,normal,water_use,bean,"mm (growing-season actual evapotranspiration, soil water balance)",97.01,164.36,2,2,CT-Kimenyedde-2019_1st_season,,,,,table
EFF-6134030-033,STU-6134030-02,SS-6134030-05,SM,CT,,site_season,stress,water_use,bean,"mm (growing-season actual evapotranspiration, soil water balance)",107.3,178.11,2,2,CT-Kimenyedde-2019_2nd_season,,,,,table
EFF-6134030-034,STU-6134030-02,SS-6134030-06,SM,CT,,site_season,normal,water_use,bean,"mm (growing-season actual evapotranspiration, soil water balance)",96.91,163.06,2,2,CT-Kimenyedde-2020_growing-season,,,,,table
EFF-6134030-035,STU-6134030-02,SS-6134030-01,SM,CT,,site_season,normal,other,bean,kg m-3 (WUE-grain = grain yield / ET),1.69,0.62,2,2,CT-Goma-2019_1st_season,,,,,table
EFF-6134030-036,STU-6134030-02,SS-6134030-02,SM,CT,,site_season,stress,other,bean,kg m-3 (WUE-grain = grain yield / ET),1.69,0.71,2,2,CT-Goma-2019_2nd_season,,,,,table
EFF-6134030-037,STU-6134030-02,SS-6134030-03,SM,CT,,site_season,normal,other,bean,kg m-3 (WUE-grain = grain yield / ET),1.89,0.81,2,2,CT-Goma-2020_growing-season,,,,,table
EFF-6134030-038,STU-6134030-02,SS-6134030-04,SM,CT,,site_season,normal,other,bean,kg m-3 (WUE-grain = grain yield / ET),1.65,0.55,2,2,CT-Kimenyedde-2019_1st_season,,,,,table
EFF-6134030-039,STU-6134030-02,SS-6134030-05,SM,CT,,site_season,stress,other,bean,kg m-3 (WUE-grain = grain yield / ET),1.43,0.28,2,2,CT-Kimenyedde-2019_2nd_season,,,,,table
EFF-6134030-040,STU-6134030-02,SS-6134030-06,SM,CT,,site_season,normal,other,bean,kg m-3 (WUE-grain = grain yield / ET),1.73,0.77,2,2,CT-Kimenyedde-2020_growing-season,,,,,table
EFF-6134030-041,STU-6134030-02,,SM,CT,,pooled_all,pooled,soil_moisture,bean,mm (soil water storage 0-100 cm at planting),55.52,51.03,,,CT-pooled_all,,,,,text
EFF-6134030-042,STU-6134030-02,,SM,CT,,pooled_all,pooled,soil_moisture,bean,mm (soil water storage 0-100 cm at harvest),26.82,18.5,,,CT-pooled_all,,,,,text
EFF-6134332-001,STU-6134332-01,SS-6134332-01,"Biochar 10 t·ha−1, N Rate 0 kg·ha−1","Biochar 0 t·ha−1, N Rate 0 kg·ha−1",10 t/ha biochar (applied once before cycle 1); 0 kg N/ha in both arms,site_season,normal,crop_yield,rice,t/ha grain,2.99,2.58,3,3,,none,,,,table
EFF-6134332-002,STU-6134332-01,SS-6134332-01,"Biochar 10 t·ha−1, N Rate 45 kg·ha−1","Biochar 0 t·ha−1, N Rate 45 kg·ha−1",10 t/ha biochar (applied once before cycle 1); 45 kg N/ha in both arms,site_season,normal,crop_yield,rice,t/ha grain,4.40,3.68,3,3,,none,,,,table
EFF-6134332-003,STU-6134332-01,SS-6134332-01,"Biochar 10 t·ha−1, N Rate 90 kg·ha−1","Biochar 0 t·ha−1, N Rate 90 kg·ha−1",10 t/ha biochar (applied once before cycle 1); 90 kg N/ha in both arms,site_season,normal,crop_yield,rice,t/ha grain,5.24,4.49,3,3,,none,,,,table
EFF-6134332-004,STU-6134332-01,SS-6134332-01,"Biochar 10 t·ha−1, N Rate 120 kg·ha−1","Biochar 0 t·ha−1, N Rate 120 kg·ha−1",10 t/ha biochar (applied once before cycle 1); 120 kg N/ha in both arms,site_season,normal,crop_yield,rice,t/ha grain,6.03,4.67,3,3,,none,,,,table
EFF-6134332-005,STU-6134332-01,SS-6134332-02,"Biochar 10 t·ha−1, N Rate 0 kg·ha−1","Biochar 0 t·ha−1, N Rate 0 kg·ha−1",10 t/ha biochar (applied once before cycle 1); 0 kg N/ha in both arms,site_season,stress,crop_yield,rice,t/ha grain,2.84,2.33,3,3,,none,,,,table
EFF-6134332-006,STU-6134332-01,SS-6134332-02,"Biochar 10 t·ha−1, N Rate 45 kg·ha−1","Biochar 0 t·ha−1, N Rate 45 kg·ha−1",10 t/ha biochar (applied once before cycle 1); 45 kg N/ha in both arms,site_season,stress,crop_yield,rice,t/ha grain,3.94,3.33,3,3,,none,,,,table
EFF-6134332-007,STU-6134332-01,SS-6134332-02,"Biochar 10 t·ha−1, N Rate 90 kg·ha−1","Biochar 0 t·ha−1, N Rate 90 kg·ha−1",10 t/ha biochar (applied once before cycle 1); 90 kg N/ha in both arms,site_season,stress,crop_yield,rice,t/ha grain,4.37,3.89,3,3,,none,,,,table
EFF-6134332-008,STU-6134332-01,SS-6134332-02,"Biochar 10 t·ha−1, N Rate 120 kg·ha−1","Biochar 0 t·ha−1, N Rate 120 kg·ha−1",10 t/ha biochar (applied once before cycle 1); 120 kg N/ha in both arms,site_season,stress,crop_yield,rice,t/ha grain,4.85,4.23,3,3,,none,,,,table
EFF-6134332-009,STU-6134332-01,SS-6134332-03,"Biochar 10 t·ha−1, N Rate 0 kg·ha−1","Biochar 0 t·ha−1, N Rate 0 kg·ha−1",10 t/ha biochar (applied once before cycle 1); 0 kg N/ha in both arms,site_season,normal,crop_yield,rice,t/ha grain,3.29,2.83,3,3,,none,,,,table
EFF-6134332-010,STU-6134332-01,SS-6134332-03,"Biochar 10 t·ha−1, N Rate 45 kg·ha−1","Biochar 0 t·ha−1, N Rate 45 kg·ha−1",10 t/ha biochar (applied once before cycle 1); 45 kg N/ha in both arms,site_season,normal,crop_yield,rice,t/ha grain,4.51,3.93,3,3,,none,,,,table
EFF-6134332-011,STU-6134332-01,SS-6134332-03,"Biochar 10 t·ha−1, N Rate 90 kg·ha−1","Biochar 0 t·ha−1, N Rate 90 kg·ha−1",10 t/ha biochar (applied once before cycle 1); 90 kg N/ha in both arms,site_season,normal,crop_yield,rice,t/ha grain,5.47,4.83,3,3,,none,,,,table
EFF-6134332-012,STU-6134332-01,SS-6134332-03,"Biochar 10 t·ha−1, N Rate 120 kg·ha−1","Biochar 0 t·ha−1, N Rate 120 kg·ha−1",10 t/ha biochar (applied once before cycle 1); 120 kg N/ha in both arms,site_season,normal,crop_yield,rice,t/ha grain,5.82,5.05,3,3,,none,,,,table
EFF-6134332-013,STU-6134332-01,SS-6134332-04,"Biochar 10 t·ha−1, N Rate 0 kg·ha−1","Biochar 0 t·ha−1, N Rate 0 kg·ha−1",10 t/ha biochar (applied once before cycle 1); 0 kg N/ha in both arms,site_season,stress,crop_yield,rice,t/ha grain,2.72,2.42,3,3,,none,,,,table
EFF-6134332-014,STU-6134332-01,SS-6134332-04,"Biochar 10 t·ha−1, N Rate 45 kg·ha−1","Biochar 0 t·ha−1, N Rate 45 kg·ha−1",10 t/ha biochar (applied once before cycle 1); 45 kg N/ha in both arms,site_season,stress,crop_yield,rice,t/ha grain,3.67,3.22,3,3,,none,,,,table
EFF-6134332-015,STU-6134332-01,SS-6134332-04,"Biochar 10 t·ha−1, N Rate 90 kg·ha−1","Biochar 0 t·ha−1, N Rate 90 kg·ha−1",10 t/ha biochar (applied once before cycle 1); 90 kg N/ha in both arms,site_season,stress,crop_yield,rice,t/ha grain,4.40,3.84,3,3,,none,,,,table
EFF-6134332-016,STU-6134332-01,SS-6134332-04,"Biochar 10 t·ha−1, N Rate 120 kg·ha−1","Biochar 0 t·ha−1, N Rate 120 kg·ha−1",10 t/ha biochar (applied once before cycle 1); 120 kg N/ha in both arms,site_season,stress,crop_yield,rice,t/ha grain,4.85,4.26,3,3,,none,,,,table
EFF-6134332-017,STU-6134332-01,SS-6134332-01,"Biochar 10 t·ha−1, N Rate 0 kg·ha−1","Biochar 0 t·ha−1, N Rate 0 kg·ha−1",10 t/ha biochar (applied once before cycle 1); 0 kg N/ha in both arms,site_season,normal,biomass_yield,rice,t/ha straw,3.70,3.81,3,3,,none,,,,table
EFF-6134332-018,STU-6134332-01,SS-6134332-01,"Biochar 10 t·ha−1, N Rate 45 kg·ha−1","Biochar 0 t·ha−1, N Rate 45 kg·ha−1",10 t/ha biochar (applied once before cycle 1); 45 kg N/ha in both arms,site_season,normal,biomass_yield,rice,t/ha straw,5.43,4.78,3,3,,none,,,,table
EFF-6134332-019,STU-6134332-01,SS-6134332-01,"Biochar 10 t·ha−1, N Rate 90 kg·ha−1","Biochar 0 t·ha−1, N Rate 90 kg·ha−1",10 t/ha biochar (applied once before cycle 1); 90 kg N/ha in both arms,site_season,normal,biomass_yield,rice,t/ha straw,7.77,6.44,3,3,,none,,,,table
EFF-6134332-020,STU-6134332-01,SS-6134332-01,"Biochar 10 t·ha−1, N Rate 120 kg·ha−1","Biochar 0 t·ha−1, N Rate 120 kg·ha−1",10 t/ha biochar (applied once before cycle 1); 120 kg N/ha in both arms,site_season,normal,biomass_yield,rice,t/ha straw,8.60,7.42,3,3,,none,,,,table
EFF-6134332-021,STU-6134332-01,SS-6134332-02,"Biochar 10 t·ha−1, N Rate 0 kg·ha−1","Biochar 0 t·ha−1, N Rate 0 kg·ha−1",10 t/ha biochar (applied once before cycle 1); 0 kg N/ha in both arms,site_season,stress,biomass_yield,rice,t/ha straw,3.72,3.40,3,3,,none,,,,table
EFF-6134332-022,STU-6134332-01,SS-6134332-02,"Biochar 10 t·ha−1, N Rate 45 kg·ha−1","Biochar 0 t·ha−1, N Rate 45 kg·ha−1",10 t/ha biochar (applied once before cycle 1); 45 kg N/ha in both arms,site_season,stress,biomass_yield,rice,t/ha straw,5.07,3.68,3,3,,none,,,,table
EFF-6134332-023,STU-6134332-01,SS-6134332-02,"Biochar 10 t·ha−1, N Rate 90 kg·ha−1","Biochar 0 t·ha−1, N Rate 90 kg·ha−1",10 t/ha biochar (applied once before cycle 1); 90 kg N/ha in both arms,site_season,stress,biomass_yield,rice,t/ha straw,5.23,5.74,3,3,,none,,,,table
EFF-6134332-024,STU-6134332-01,SS-6134332-02,"Biochar 10 t·ha−1, N Rate 120 kg·ha−1","Biochar 0 t·ha−1, N Rate 120 kg·ha−1",10 t/ha biochar (applied once before cycle 1); 120 kg N/ha in both arms,site_season,stress,biomass_yield,rice,t/ha straw,6.56,6.60,3,3,,none,,,,table
EFF-6134332-025,STU-6134332-01,SS-6134332-03,"Biochar 10 t·ha−1, N Rate 0 kg·ha−1","Biochar 0 t·ha−1, N Rate 0 kg·ha−1",10 t/ha biochar (applied once before cycle 1); 0 kg N/ha in both arms,site_season,normal,biomass_yield,rice,t/ha straw,4.20,3.92,3,3,,none,,,,table
EFF-6134332-026,STU-6134332-01,SS-6134332-03,"Biochar 10 t·ha−1, N Rate 45 kg·ha−1","Biochar 0 t·ha−1, N Rate 45 kg·ha−1",10 t/ha biochar (applied once before cycle 1); 45 kg N/ha in both arms,site_season,normal,biomass_yield,rice,t/ha straw,5.46,4.65,3,3,,none,,,,table
EFF-6134332-027,STU-6134332-01,SS-6134332-03,"Biochar 10 t·ha−1, N Rate 90 kg·ha−1","Biochar 0 t·ha−1, N Rate 90 kg·ha−1",10 t/ha biochar (applied once before cycle 1); 90 kg N/ha in both arms,site_season,normal,biomass_yield,rice,t/ha straw,6.37,5.25,3,3,,none,,,,table
EFF-6134332-028,STU-6134332-01,SS-6134332-03,"Biochar 10 t·ha−1, N Rate 120 kg·ha−1","Biochar 0 t·ha−1, N Rate 120 kg·ha−1",10 t/ha biochar (applied once before cycle 1); 120 kg N/ha in both arms,site_season,normal,biomass_yield,rice,t/ha straw,6.51,6.24,3,3,,none,,,,table
EFF-6134332-029,STU-6134332-01,SS-6134332-04,"Biochar 10 t·ha−1, N Rate 0 kg·ha−1","Biochar 0 t·ha−1, N Rate 0 kg·ha−1",10 t/ha biochar (applied once before cycle 1); 0 kg N/ha in both arms,site_season,stress,biomass_yield,rice,t/ha straw,4.31,3.91,3,3,,none,,,,table
EFF-6134332-030,STU-6134332-01,SS-6134332-04,"Biochar 10 t·ha−1, N Rate 45 kg·ha−1","Biochar 0 t·ha−1, N Rate 45 kg·ha−1",10 t/ha biochar (applied once before cycle 1); 45 kg N/ha in both arms,site_season,stress,biomass_yield,rice,t/ha straw,5.24,4.92,3,3,,none,,,,table
EFF-6134332-031,STU-6134332-01,SS-6134332-04,"Biochar 10 t·ha−1, N Rate 90 kg·ha−1","Biochar 0 t·ha−1, N Rate 90 kg·ha−1",10 t/ha biochar (applied once before cycle 1); 90 kg N/ha in both arms,site_season,stress,biomass_yield,rice,t/ha straw,5.48,5.68,3,3,,none,,,,table
EFF-6134332-032,STU-6134332-01,SS-6134332-04,"Biochar 10 t·ha−1, N Rate 120 kg·ha−1","Biochar 0 t·ha−1, N Rate 120 kg·ha−1",10 t/ha biochar (applied once before cycle 1); 120 kg N/ha in both arms,site_season,stress,biomass_yield,rice,t/ha straw,6.07,5.94,3,3,,none,,,,table
EFF-6135671-001,STU-6135671-01,SS-6135671-01,Compost 5 t ha-1 + Urea/NPSB 50/50 kg ha-1,Compost 0 t ha-1 + Urea/NPSB 50/50 kg ha-1,compost 5 t/ha + urea/NPSB 50/50 kg/ha,site_season,unknown,crop_yield,maize,t/ha,3.57,3.03,3,3,CG-0+50/50,lsd,0.25,,,table
EFF-6135671-002,STU-6135671-01,SS-6135671-01,Compost 5 t ha-1 + Urea/NPSB 50/50 kg ha-1,Compost 0 t ha-1 + Urea/NPSB 50/50 kg ha-1,compost 5 t/ha + urea/NPSB 50/50 kg/ha,site_season,unknown,biomass_yield,maize,t/ha,12.42,12.14,3,3,CG-0+50/50,lsd,0.86,,,table
EFF-6135671-003,STU-6135671-01,SS-6135671-01,Compost 10 t ha-1 + Urea/NPSB 50/50 kg ha-1,Compost 0 t ha-1 + Urea/NPSB 50/50 kg ha-1,compost 10 t/ha + urea/NPSB 50/50 kg/ha,site_season,unknown,crop_yield,maize,t/ha,4.40,3.03,3,3,CG-0+50/50,lsd,0.25,,,table
EFF-6135671-004,STU-6135671-01,SS-6135671-01,Compost 10 t ha-1 + Urea/NPSB 50/50 kg ha-1,Compost 0 t ha-1 + Urea/NPSB 50/50 kg ha-1,compost 10 t/ha + urea/NPSB 50/50 kg/ha,site_season,unknown,biomass_yield,maize,t/ha,14.17,12.14,3,3,CG-0+50/50,lsd,0.86,,,table
EFF-6135671-005,STU-6135671-01,SS-6135671-01,Compost 5 t ha-1 + Urea/NPSB 100/100 kg ha-1,Compost 0 t ha-1 + Urea/NPSB 100/100 kg ha-1,compost 5 t/ha + urea/NPSB 100/100 kg/ha,site_season,unknown,crop_yield,maize,t/ha,5.45,4.83,3,3,CG-0+100/100,lsd,0.25,,,table
EFF-6135671-006,STU-6135671-01,SS-6135671-01,Compost 5 t ha-1 + Urea/NPSB 100/100 kg ha-1,Compost 0 t ha-1 + Urea/NPSB 100/100 kg ha-1,compost 5 t/ha + urea/NPSB 100/100 kg/ha,site_season,unknown,biomass_yield,maize,t/ha,16.81,15.90,3,3,CG-0+100/100,lsd,0.86,,,table
EFF-6135671-007,STU-6135671-01,SS-6135671-01,Compost 10 t ha-1 + Urea/NPSB 100/100 kg ha-1,Compost 0 t ha-1 + Urea/NPSB 100/100 kg ha-1,compost 10 t/ha + urea/NPSB 100/100 kg/ha,site_season,unknown,crop_yield,maize,t/ha,6.07,4.83,3,3,CG-0+100/100,lsd,0.25,,,table
EFF-6135671-008,STU-6135671-01,SS-6135671-01,Compost 10 t ha-1 + Urea/NPSB 100/100 kg ha-1,Compost 0 t ha-1 + Urea/NPSB 100/100 kg ha-1,compost 10 t/ha + urea/NPSB 100/100 kg/ha,site_season,unknown,biomass_yield,maize,t/ha,18.62,15.90,3,3,CG-0+100/100,lsd,0.86,,,table
EFF-6135671-009,STU-6135671-02,SS-6135671-02,Compost 5 t ha-1 + Urea/NPSB 50/50 kg ha-1,Compost 0 t ha-1 + Urea/NPSB 100/100 kg ha-1,compost 5 t/ha + urea/NPSB 50/50 kg/ha,site_season,unknown,crop_yield,maize,t/ha,3.57,4.83,3,3,CG-0+100/100,lsd,0.25,,,table
EFF-6135671-010,STU-6135671-02,SS-6135671-02,Compost 5 t ha-1 + Urea/NPSB 50/50 kg ha-1,Compost 0 t ha-1 + Urea/NPSB 100/100 kg ha-1,compost 5 t/ha + urea/NPSB 50/50 kg/ha,site_season,unknown,biomass_yield,maize,t/ha,12.42,15.90,3,3,CG-0+100/100,lsd,0.86,,,table
EFF-6135671-011,STU-6135671-02,SS-6135671-02,Compost 10 t ha-1 + Urea/NPSB 50/50 kg ha-1,Compost 0 t ha-1 + Urea/NPSB 100/100 kg ha-1,compost 10 t/ha + urea/NPSB 50/50 kg/ha,site_season,unknown,crop_yield,maize,t/ha,4.40,4.83,3,3,CG-0+100/100,lsd,0.25,,,table
EFF-6135671-012,STU-6135671-02,SS-6135671-02,Compost 10 t ha-1 + Urea/NPSB 50/50 kg ha-1,Compost 0 t ha-1 + Urea/NPSB 100/100 kg ha-1,compost 10 t/ha + urea/NPSB 50/50 kg/ha,site_season,unknown,biomass_yield,maize,t/ha,14.17,15.90,3,3,CG-0+100/100,lsd,0.86,,,table
EFF-6135671-013,STU-6135671-03,SS-6135671-03,Compost 5 t ha-1 + Urea/NPSB 50/50 kg ha-1,Compost 0 t ha-1 + Urea/NPSB 0/0 kg ha-1,compost 5 t/ha + urea/NPSB 50/50 kg/ha,site_season,unknown,crop_yield,maize,t/ha,3.57,1.17,3,3,CG-0/0,lsd,0.25,,,table
EFF-6135671-014,STU-6135671-03,SS-6135671-03,Compost 10 t ha-1 + Urea/NPSB 50/50 kg ha-1,Compost 0 t ha-1 + Urea/NPSB 0/0 kg ha-1,compost 10 t/ha + urea/NPSB 50/50 kg/ha,site_season,unknown,crop_yield,maize,t/ha,4.40,1.17,3,3,CG-0/0,lsd,0.25,,,table
EFF-6135671-015,STU-6135671-03,SS-6135671-03,Compost 5 t ha-1 + Urea/NPSB 100/100 kg ha-1,Compost 0 t ha-1 + Urea/NPSB 0/0 kg ha-1,compost 5 t/ha + urea/NPSB 100/100 kg/ha,site_season,unknown,crop_yield,maize,t/ha,5.45,1.17,3,3,CG-0/0,lsd,0.25,,,table
EFF-6135671-016,STU-6135671-03,SS-6135671-03,Compost 10 t ha-1 + Urea/NPSB 100/100 kg ha-1,Compost 0 t ha-1 + Urea/NPSB 0/0 kg ha-1,compost 10 t/ha + urea/NPSB 100/100 kg/ha,site_season,unknown,crop_yield,maize,t/ha,6.07,1.17,3,3,CG-0/0,lsd,0.25,,,table
EFF-6135671-017,STU-6135671-04,SS-6135671-04,Compost 5 t ha-1 + Urea/NPSB 0/0 kg ha-1,Compost 0 t ha-1 + Urea/NPSB 0/0 kg ha-1,"compost 5 t/ha, no mineral",site_season,unknown,crop_yield,maize,t/ha,1.56,1.17,3,3,CG-0/0,lsd,0.25,,,table
EFF-6135671-018,STU-6135671-04,SS-6135671-04,Compost 10 t ha-1 + Urea/NPSB 0/0 kg ha-1,Compost 0 t ha-1 + Urea/NPSB 0/0 kg ha-1,"compost 10 t/ha, no mineral",site_season,unknown,crop_yield,maize,t/ha,1.73,1.17,3,3,CG-0/0,lsd,0.25,,,table
EFF-6135863-001,STU-6135863-01,SS-6135863-01,T4 (2 t·ha−1 maize cob biochar + 0 kg·ha−1 NPS),T1 (0 t·ha−1 maize cob biochar + 0 kg·ha−1 NPS),"2 t/ha maize cob biochar (pit-produced, 2 mm, water-charged), applied once 1 week before planting; 0 kg/ha NPS + 200 kg/ha urea in both arms",site_season,unknown,crop_yield,maize,t/ha,6.22,5.96,3,3,CTRL-T1-NPS0,lsd,0.227,,,table
EFF-6135863-002,STU-6135863-01,SS-6135863-01,T7 (4 t·ha−1 maize cob biochar + 0 kg·ha−1 NPS),T1 (0 t·ha−1 maize cob biochar + 0 kg·ha−1 NPS),"4 t/ha maize cob biochar (pit-produced, 2 mm, water-charged), applied once 1 week before planting; 0 kg/ha NPS + 200 kg/ha urea in both arms",site_season,unknown,crop_yield,maize,t/ha,6.29,5.96,3,3,CTRL-T1-NPS0,lsd,0.227,,,table
EFF-6135863-003,STU-6135863-01,SS-6135863-01,T10 (6 t·ha−1 maize cob biochar + 0 kg·ha−1 NPS),T1 (0 t·ha−1 maize cob biochar + 0 kg·ha−1 NPS),"6 t/ha maize cob biochar (pit-produced, 2 mm, water-charged), applied once 1 week before planting; 0 kg/ha NPS + 200 kg/ha urea in both arms",site_season,unknown,crop_yield,maize,t/ha,6.30,5.96,3,3,CTRL-T1-NPS0,lsd,0.227,,,table
EFF-6135863-004,STU-6135863-01,SS-6135863-01,T13 (8 t·ha−1 maize cob biochar + 0 kg·ha−1 NPS),T1 (0 t·ha−1 maize cob biochar + 0 kg·ha−1 NPS),"8 t/ha maize cob biochar (pit-produced, 2 mm, water-charged), applied once 1 week before planting; 0 kg/ha NPS + 200 kg/ha urea in both arms",site_season,unknown,crop_yield,maize,t/ha,6.30,5.96,3,3,CTRL-T1-NPS0,lsd,0.227,,,table
EFF-6135863-005,STU-6135863-01,SS-6135863-01,T5 (2 t·ha−1 maize cob biochar + 50 kg·ha−1 NPS),T2 (0 t·ha−1 maize cob biochar + 50 kg·ha−1 NPS),"2 t/ha maize cob biochar (pit-produced, 2 mm, water-charged), applied once 1 week before planting; 50 kg/ha NPS + 200 kg/ha urea in both arms",site_season,unknown,crop_yield,maize,t/ha,6.32,6.02,3,3,CTRL-T2-NPS50,lsd,0.227,,,table
EFF-6135863-006,STU-6135863-01,SS-6135863-01,T8 (4 t·ha−1 maize cob biochar + 50 kg·ha−1 NPS),T2 (0 t·ha−1 maize cob biochar + 50 kg·ha−1 NPS),"4 t/ha maize cob biochar (pit-produced, 2 mm, water-charged), applied once 1 week before planting; 50 kg/ha NPS + 200 kg/ha urea in both arms",site_season,unknown,crop_yield,maize,t/ha,6.54,6.02,3,3,CTRL-T2-NPS50,lsd,0.227,,,table
EFF-6135863-007,STU-6135863-01,SS-6135863-01,T11 (6 t·ha−1 maize cob biochar + 50 kg·ha−1 NPS),T2 (0 t·ha−1 maize cob biochar + 50 kg·ha−1 NPS),"6 t/ha maize cob biochar (pit-produced, 2 mm, water-charged), applied once 1 week before planting; 50 kg/ha NPS + 200 kg/ha urea in both arms",site_season,unknown,crop_yield,maize,t/ha,6.75,6.02,3,3,CTRL-T2-NPS50,lsd,0.227,,,table
EFF-6135863-008,STU-6135863-01,SS-6135863-01,T14 (8 t·ha−1 maize cob biochar + 50 kg·ha−1 NPS),T2 (0 t·ha−1 maize cob biochar + 50 kg·ha−1 NPS),"8 t/ha maize cob biochar (pit-produced, 2 mm, water-charged), applied once 1 week before planting; 50 kg/ha NPS + 200 kg/ha urea in both arms",site_season,unknown,crop_yield,maize,t/ha,6.96,6.02,3,3,CTRL-T2-NPS50,lsd,0.227,,,table
EFF-6135863-009,STU-6135863-01,SS-6135863-01,T6 (2 t·ha−1 maize cob biochar + 100 kg·ha−1 NPS),T3 (0 t·ha−1 maize cob biochar + 100 kg·ha−1 NPS),"2 t/ha maize cob biochar (pit-produced, 2 mm, water-charged), applied once 1 week before planting; 100 kg/ha NPS + 200 kg/ha urea in both arms",site_season,unknown,crop_yield,maize,t/ha,6.91,6.46,3,3,CTRL-T3-NPS100,lsd,0.227,,,table
EFF-6135863-010,STU-6135863-01,SS-6135863-01,T9 (4 t·ha−1 maize cob biochar + 100 kg·ha−1 NPS),T3 (0 t·ha−1 maize cob biochar + 100 kg·ha−1 NPS),"4 t/ha maize cob biochar (pit-produced, 2 mm, water-charged), applied once 1 week before planting; 100 kg/ha NPS + 200 kg/ha urea in both arms",site_season,unknown,crop_yield,maize,t/ha,6.95,6.46,3,3,CTRL-T3-NPS100,lsd,0.227,,,table
EFF-6135863-011,STU-6135863-01,SS-6135863-01,T12 (6 t·ha−1 maize cob biochar + 100 kg·ha−1 NPS),T3 (0 t·ha−1 maize cob biochar + 100 kg·ha−1 NPS),"6 t/ha maize cob biochar (pit-produced, 2 mm, water-charged), applied once 1 week before planting; 100 kg/ha NPS + 200 kg/ha urea in both arms",site_season,unknown,crop_yield,maize,t/ha,6.97,6.46,3,3,CTRL-T3-NPS100,lsd,0.227,,,table
EFF-6135863-012,STU-6135863-01,SS-6135863-01,T15 (8 t·ha−1 maize cob biochar + 100 kg·ha−1 NPS),T3 (0 t·ha−1 maize cob biochar + 100 kg·ha−1 NPS),"8 t/ha maize cob biochar (pit-produced, 2 mm, water-charged), applied once 1 week before planting; 100 kg/ha NPS + 200 kg/ha urea in both arms",site_season,unknown,crop_yield,maize,t/ha,7.03,6.46,3,3,CTRL-T3-NPS100,lsd,0.227,,,table
EFF-6135863-013,STU-6135863-01,SS-6135863-01,"Biochar (t·ha−1) 2 (main effect, averaged over NPS 0, 50, 100 kg·ha−1)","Biochar (t·ha−1) 0 (main effect, averaged over NPS 0, 50, 100 kg·ha−1)",2 t/ha maize cob biochar; main-effect mean over NPS 0/50/100 kg/ha (+200 kg/ha urea all plots),site_season,unknown,biomass_yield,maize,t/ha (above-ground biological yield),17.11,16.56,9,9,CTRL-BC0-MAIN,lsd,0.938,,,table
EFF-6135863-014,STU-6135863-01,SS-6135863-01,"Biochar (t·ha−1) 4 (main effect, averaged over NPS 0, 50, 100 kg·ha−1)","Biochar (t·ha−1) 0 (main effect, averaged over NPS 0, 50, 100 kg·ha−1)",4 t/ha maize cob biochar; main-effect mean over NPS 0/50/100 kg/ha (+200 kg/ha urea all plots),site_season,unknown,biomass_yield,maize,t/ha (above-ground biological yield),17.47,16.56,9,9,CTRL-BC0-MAIN,lsd,0.938,,,table
EFF-6135863-015,STU-6135863-01,SS-6135863-01,"Biochar (t·ha−1) 6 (main effect, averaged over NPS 0, 50, 100 kg·ha−1)","Biochar (t·ha−1) 0 (main effect, averaged over NPS 0, 50, 100 kg·ha−1)",6 t/ha maize cob biochar; main-effect mean over NPS 0/50/100 kg/ha (+200 kg/ha urea all plots),site_season,unknown,biomass_yield,maize,t/ha (above-ground biological yield),18.13,16.56,9,9,CTRL-BC0-MAIN,lsd,0.938,,,table
EFF-6135863-016,STU-6135863-01,SS-6135863-01,"Biochar (t·ha−1) 8 (main effect, averaged over NPS 0, 50, 100 kg·ha−1)","Biochar (t·ha−1) 0 (main effect, averaged over NPS 0, 50, 100 kg·ha−1)",8 t/ha maize cob biochar; main-effect mean over NPS 0/50/100 kg/ha (+200 kg/ha urea all plots),site_season,unknown,biomass_yield,maize,t/ha (above-ground biological yield),18.22,16.56,9,9,CTRL-BC0-MAIN,lsd,0.938,,,table
EFF-6137948-001,STU-6137948-01,,Mucuna spp.,Natural fallow,Mucuna spp. relayed 5-8 weeks after maize sowing; relay year (legume growing under maize),pooled_sites,unknown,crop_yield,maize,kg/ha,720,1002,,25,NF-2001,none,,,,table
EFF-6137948-002,STU-6137948-01,,Mucuna spp.,Natural fallow,Mucuna spp. relayed 5-8 weeks after maize sowing; maize after ~8-month legume fallow,pooled_sites,unknown,crop_yield,maize,kg/ha,2204,990,,25,NF-2002,none,,,,table
EFF-6137948-003,STU-6137948-01,,Canavalia spp.,Natural fallow,Canavalia spp. relayed 5-8 weeks after maize sowing; relay year (legume growing under maize),pooled_sites,unknown,crop_yield,maize,kg/ha,703,1002,,25,NF-2001,none,,,,table
EFF-6137948-004,STU-6137948-01,,Canavalia spp.,Natural fallow,Canavalia spp. relayed 5-8 weeks after maize sowing; maize after ~8-month legume fallow,pooled_sites,unknown,crop_yield,maize,kg/ha,1980,990,,25,NF-2002,none,,,,table
EFF-6137948-005,STU-6137948-01,,Pueraria phaseoloides,Natural fallow,Pueraria phaseoloides relayed 5-8 weeks after maize sowing; relay year (legume growing under maize),pooled_sites,unknown,crop_yield,maize,kg/ha,918,1002,,25,NF-2001,none,,,,table
EFF-6137948-006,STU-6137948-01,,Pueraria phaseoloides,Natural fallow,Pueraria phaseoloides relayed 5-8 weeks after maize sowing; maize after ~8-month legume fallow,pooled_sites,unknown,crop_yield,maize,kg/ha,1657,990,,25,NF-2002,none,,,,table
EFF-6137948-007,STU-6137948-01,,Lablab purpureum,Natural fallow,Lablab purpureum relayed 5-8 weeks after maize sowing; relay year (legume growing under maize),pooled_sites,unknown,crop_yield,maize,kg/ha,711,1002,,25,NF-2001,none,,,,table
EFF-6137948-008,STU-6137948-01,,Lablab purpureum,Natural fallow,Lablab purpureum relayed 5-8 weeks after maize sowing; maize after ~8-month legume fallow,pooled_sites,unknown,crop_yield,maize,kg/ha,1780,990,,25,NF-2002,none,,,,table
EFF-6137948-009,STU-6137948-01,,Stylosanthes spp.,Natural fallow,Stylosanthes spp. relayed 5-8 weeks after maize sowing; relay year (legume growing under maize),pooled_sites,unknown,crop_yield,maize,kg/ha,990,1002,,25,NF-2001,none,,,,table
EFF-6137948-010,STU-6137948-01,,Stylosanthes spp.,Natural fallow,Stylosanthes spp. relayed 5-8 weeks after maize sowing; maize after ~8-month legume fallow,pooled_sites,unknown,crop_yield,maize,kg/ha,1652,990,,25,NF-2002,none,,,,table
