site_season_id,study_id,site_name,lat,lon,coord_source,season_label,year,planting_date,harvest_date,author_condition,author_condition_basis,seasonal_rainfall_mm,irrigation_supply_note,soil_ph,soil_organic_carbon_pct,texture_or_clay_pct,aez_reported,classified_hazard,classified_severity,classified_compound,hazard_index_value
SS-6134030-01,STU-6134030-01,Goma,0.4167,32.7,reported,2019 1st season,2019,2019-04-09,2019-06-29,normal,"Seasonal precipitation 508 mm, higher than the long-term (2005-2018) seasonal mean of 486 mm at Goma",508,,6.5,5.2,sandy clay loam; 30% clay,,,,,
SS-6134030-02,STU-6134030-01,Goma,0.4167,32.7,reported,2019 2nd season,2019,2019-09-02,2019-11-23,stress,"Seasonal precipitation 397 mm, 89 mm below the long-term (2005-2018) seasonal mean at Goma; authors attribute the low 2019 second-season yield to dry conditions during grain filling (dry spell of 12 days)",397,,6.5,5.2,sandy clay loam; 30% clay,,,,,
SS-6134030-03,STU-6134030-01,Goma,0.4167,32.7,reported,2020 growing-season,2020,2020-03-18,2020-06-13,normal,"Seasonal precipitation 537 mm, higher than the long-term (2005-2018) seasonal mean of 486 mm at Goma",537,,6.5,5.2,sandy clay loam; 30% clay,,,,,
SS-6134030-04,STU-6134030-01,Kimenyedde,0.5333,32.8333,reported,2019 1st season,2019,2019-04-11,2019-06-30,normal,"Seasonal precipitation 470 mm, close to the long-term seasonal precipitation of Kimenyedde",470,,6.3,4.9,sandy loam; 20% clay,,,,,
SS-6134030-05,STU-6134030-01,Kimenyedde,0.5333,32.8333,reported,2019 2nd season,2019,2019-09-07,2019-11-29,stress,Lowest seasonal precipitation (392 mm) of the three seasons at Kimenyedde; authors attribute the low 2019 second-season yield to dry conditions during grain filling (dry spell of 12 days) and state Kimenyedde had a dry spell of twelve days,392,,6.3,4.9,sandy loam; 20% clay,,,,,
SS-6134030-06,STU-6134030-01,Kimenyedde,0.5333,32.8333,reported,2020 growing-season,2020,2020-03-18,2020-06-17,normal,"Seasonal precipitation 476 mm, close to the long-term seasonal precipitation of Kimenyedde",476,,6.3,4.9,sandy loam; 20% clay,,,,,
SS-6134332-01,STU-6134332-01,"Soil and Irrigation Research Centre (SIREC), Kpong, Eastern Region, Ghana",6.15,0.0667,reported,"Cropping cycle 1, July-November 2012",2012,2012-07,2012-11,normal,Authors report lower temperatures in cycles 1 and 3 (Jul-Nov) than 2 and 4; they do not call cycle 1 stressed (Section 3.1),,,6.9,0.67,"58 (clayey Vertisol; 580 g/kg clay, 0-15 cm)",coastal savannah,,,,
SS-6134332-02,STU-6134332-01,"Soil and Irrigation Research Centre (SIREC), Kpong, Eastern Region, Ghana",6.15,0.0667,reported,"Cropping cycle 2, December 2012-March/April 2013",2013,2012-12,2013-04,stress,"Authors attribute lower yields in cycles 2 and 4 to higher temperatures during the reproductive stage (above 34 degC at flowering); cycle 2 Tmax 33.3-35.9 degC (Sections 3.1, 4.3)",,,6.9,0.67,"58 (clayey Vertisol; 580 g/kg clay, 0-15 cm)",coastal savannah,,,,
SS-6134332-03,STU-6134332-01,"Soil and Irrigation Research Centre (SIREC), Kpong, Eastern Region, Ghana",6.15,0.0667,reported,"Cropping cycle 3, July-November 2013",2013,2013-07,2013-11,normal,Authors report lower temperatures in cycles 1 and 3 (Jul-Nov) than 2 and 4; they do not call cycle 3 stressed (Section 3.1),,,6.9,0.67,"58 (clayey Vertisol; 580 g/kg clay, 0-15 cm)",coastal savannah,,,,
SS-6134332-04,STU-6134332-01,"Soil and Irrigation Research Centre (SIREC), Kpong, Eastern Region, Ghana",6.15,0.0667,reported,"Cropping cycle 4, December 2013-March/April 2014",2014,2013-12,2014-04,stress,"Authors attribute lower yields in cycles 2 and 4 to higher temperatures during the reproductive stage (above 34 degC at flowering) (Sections 3.1, 4.3)",,,6.9,0.67,"58 (clayey Vertisol; 580 g/kg clay, 0-15 cm)",coastal savannah,,,,
SS-6135671-01,STU-6135671-01,"Mosobo Kebele, Yilmana Densa district, West Gojam Zone (farmers' fields)",11.2950,37.4678,reported,2017/2018 cropping season,2017,,,unknown,,,,5.54,1.29,Clay; 42% clay (Table 1),tepid moist to cool highlands,,,,
SS-6135671-02,STU-6135671-02,"Mosobo Kebele, Yilmana Densa district, West Gojam Zone (farmers' fields)",11.2950,37.4678,reported,2017/2018 cropping season,2017,,,unknown,,,,5.54,1.29,Clay; 42% clay (Table 1),tepid moist to cool highlands,,,,
SS-6135671-03,STU-6135671-03,"Mosobo Kebele, Yilmana Densa district, West Gojam Zone (farmers' fields)",11.2950,37.4678,reported,2017/2018 cropping season,2017,,,unknown,,,,5.54,1.29,Clay; 42% clay (Table 1),tepid moist to cool highlands,,,,
SS-6135671-04,STU-6135671-04,"Mosobo Kebele, Yilmana Densa district, West Gojam Zone (farmers' fields)",11.2950,37.4678,reported,2017/2018 cropping season,2017,,,unknown,,,,5.54,1.29,Clay; 42% clay (Table 1),tepid moist to cool highlands,,,,
SS-6135863-01,STU-6135863-01,"Guto Gida district, East Wollega Zone, Western Ethiopia",9.1833,37.15,reported,"2020 crop growing season (long rainy season, late April to October)",2020,,,unknown,,,,4.74,,sandy clay loam; 28% clay,,,,,
SS-6137948-01,STU-6137948-01,"Gogoikrom (Atwima district, Ashanti Region)",,,,2001 major season (maize + relayed legume),2001,2001-03,,unknown,,,,,,,moist semi-deciduous forest,,,,
SS-6137948-02,STU-6137948-01,"Gogoikrom (Atwima district, Ashanti Region)",,,,2002 season 2 (maize after 8-month legume or natural fallow),2002,2002-02,2002-08,unknown,,,,,,,moist semi-deciduous forest,,,,
SS-6137948-03,STU-6137948-01,"Subriso III (Tano district, Brong Ahafo Region)",,,,2001 major season (maize + relayed legume),2001,2001-03,,unknown,,,,,,,semi-deciduous forest,,,,
SS-6137948-04,STU-6137948-01,"Subriso III (Tano district, Brong Ahafo Region)",,,,2002 season 2 (maize after 8-month legume or natural fallow),2002,2002-02,2002-08,unknown,,,,,,,semi-deciduous forest,,,,
SS-6137948-05,STU-6137948-01,"Yabraso (Wenchi district, Brong Ahafo Region)",,,,2001 major season (maize + relayed legume),2001,2001-03,,unknown,,,,,,,dry semi-deciduous forest-savannah transition,,,,
SS-6137948-06,STU-6137948-01,"Yabraso (Wenchi district, Brong Ahafo Region)",,,,2002 season 2 (maize after 8-month legume or natural fallow),2002,2002-02,2002-08,unknown,,,,,,,dry semi-deciduous forest-savannah transition,,,,
