study_id,source_id,trial_id,practice_id,subtype,era_codes,management,design,country,n_sites,n_seasons,n_site_seasons,plot_or_area,comparator,comparator_era_code,contrast_type,bundle_components,dose,dose_farm_feasible,meets_methodology_definition,rob_assignment,rob_confounding,rob_comparator_fidelity,rob_outcome_measurement,rob_selective_reporting,mean_farm_size_ha,area_under_practice_per_hh_ha,years_since_establishment,water_regime,water_control_level,residue_cover_at_planting,stocking_rate_equal,herd_mobility,enforcement_note,finding_direction,risk_channel_evidence,adoption_logged
STU-6134030-01,SRC-6134030,TRL-6134030,ca_bundle,,b38; b27; h6,on_station,experiment_on_station,UGA,2,3,6,30 m x 5 m plots (150 m2); 2 replicate plots per treatment per site; grain yield from a 1 m x 1 m quadrat in the middle of each plot,"Conventional tillage (CT): Huard disc plough to 0-15 cm (tractor-drawn), no soil covering (no residue/mulch), weeds controlled by regular hand-hoe weeding; same bean cultivar NABE 4, same seed rate and spacing, no fertiliser in any arm",h6,defined_bundle,"no-tillage (disk openers cut narrow slots, no soil disturbance); surface cover of crop residues and mulches 8 Mg ha-1; glyphosate herbicide weed control (control: hand-hoe weeding)","No-tillage with disk-opener slot seeding; crop residues and mulches 8 Mg ha-1 as surface cover; glyphosate 360 g L-1 at 10 ml L-1 of water (6 L ha-1) for weed control; no fertiliser; practice started April 2019 (observations cover conversion year 0-1, three seasons to June 2020); plots previously maize then two years fallow",unclear,unclear,low,some,some,low,low,,,0,rainfed,,"not measured; crop residues and mulches applied at 8 Mg ha-1 (applied rate, not measured cover)",,,,positive,,
STU-6134030-02,SRC-6134030,TRL-6134030,ca_bundle,,b27; h6,on_station,experiment_on_station,UGA,2,3,6,30 m x 5 m plots (150 m2); 2 replicate plots per treatment per site; grain yield from a 1 m x 1 m quadrat in the middle of each plot,"Conventional tillage (CT): Huard disc plough to 0-15 cm (tractor-drawn), no soil covering (no residue/mulch), weeds controlled by regular hand-hoe weeding; same bean cultivar NABE 4, same seed rate and spacing, no fertiliser in any arm",h6,partial_bundle,"stubble-mulching: same tillage as control (Huard plough to 15 cm) plus surface cover of mulches 8 Mg ha-1 and previous-season crop residues; glyphosate herbicide weed control (control: hand-hoe weeding). No reduction in soil disturbance, so only the residue-cover component of the CA bundle","Ploughing to 15 cm (Huard plough, tractor); mulches 8 Mg ha-1 plus previous-season crop residues as surface cover after ploughing; glyphosate 360 g L-1 at same rate as NT (6 L ha-1); no fertiliser; practice started April 2019 (conversion year 0-1)",unclear,unclear,low,some,some,low,low,,,0,rainfed,,"not measured; crop residues and mulches applied at 8 Mg ha-1 (applied rate, not measured cover)",,,,positive,,
STU-6134332-01,SRC-6134332,TRL-6134332,biochar,,b28; h10,on_station,experiment_on_station,GHA,1,4,4,15.75 m2 subplot (3.5 m x 4.5 m); harvest area 1.6 m x 1.6 m per plot,"Same N rate (0, 45, 90 or 120 kg N/ha as NPK 15:15:15 at 2 WAT plus urea at 5 WAT), same variety (KRC Baika), same flooded irrigated management, no biochar (0 t/ha main plot)",h10,isolated,,"10 t/ha rice husk biochar, Japanese retort kiln, 336-394 degC (avg 360 degC), sieved 0.5 mm, spread and incorporated to 10 cm, single application before cropping cycle 1 (July 2012); residual in cycles 2-4",unclear,unclear,some,some,low,low,low,,,0-1.5,irrigated_full,,,,,,positive,,
STU-6135671-01,SRC-6135671,TRL-6135671,nutrient_mgmt_b,,b29; h10 (inorganic urea/NPSB leaf codes not resolved: nearest b17/b21/b16/b23),on_farm_researcher_managed,experiment_on_farm_researcher,ETH,1,1,1,gross plot 9 m2 (3.75 m x 2.4 m); net plot 2.025 m2 (2.25 m x 0.9 m),"Sole mineral fertiliser at the same urea/NPSB rate (0 t/ha compost + 50/50 or 100/100 kg/ha urea/NPSB), same variety BH-540, same field and agronomy",h10,isolated,,"Compost 5 or 10 t/ha added on top of urea/NPSB 50/50 or 100/100 kg/ha; compost from crop residues, animal manure, green leaves and ash (TN 0.9%, OC 8.89%), dry-weight basis, applied 21 days before sowing; NPSB blend (18.1N + 36.1 P2O5 + 6.7S + 0.71 B) all at sowing; urea split half at sowing, half at tillering by side-dressing. Mineral input equal to comparator, total nutrient input higher (compost adds nutrients)",unclear,unclear,low,low,low,low,low,,,,rainfed,,,,,,positive,,
STU-6135671-02,SRC-6135671,TRL-6135671,nutrient_mgmt_b,,b29; h10 (inorganic urea/NPSB leaf codes not resolved: nearest b17/b21/b16/b23),on_farm_researcher_managed,experiment_on_farm_researcher,ETH,1,1,1,gross plot 9 m2 (3.75 m x 2.4 m); net plot 2.025 m2 (2.25 m x 0.9 m),"Sole full mineral dose (0 t/ha compost + 100/100 kg/ha urea/NPSB), same variety and agronomy; not stated to be the extension recommendation or farmer practice",h10,defined_bundle,compost 5 or 10 t/ha; urea/NPSB reduced from 100/100 to 50/50 kg/ha (partial substitution of mineral by compost),"Compost 5 or 10 t/ha + urea/NPSB 50/50 kg/ha vs 100/100 kg/ha sole mineral; compost from crop residues, animal manure, green leaves and ash (TN 0.9%, OC 8.89%), dry-weight basis, applied 21 days before sowing; NPSB blend (18.1N + 36.1 P2O5 + 6.7S + 0.71 B) all at sowing; urea split half at sowing, half at tillering by side-dressing. Mineral input halved relative to comparator",unclear,unclear,low,low,some,low,low,,,,rainfed,,,,,,negative,,
STU-6135671-03,SRC-6135671,TRL-6135671,nutrient_mgmt_b,,b29; h10.1 (inorganic urea/NPSB leaf codes not resolved: nearest b17/b21/b16/b23),on_farm_researcher_managed,experiment_on_farm_researcher,ETH,1,1,1,gross plot 9 m2 (3.75 m x 2.4 m); net plot 2.025 m2 (2.25 m x 0.9 m),Unfertilised control (0 t/ha compost + 0/0 kg/ha urea/NPSB). OUT OF SCOPE comparator under scenario (b) (h10.1 no fertiliser),h10.1,confounded,compost 5 or 10 t/ha; urea 50 or 100 kg/ha; NPSB 50 or 100 kg/ha (organic and mineral rate effects not separable vs zero-input control),"Compost 5 or 10 t/ha + urea/NPSB 50/50 or 100/100 kg/ha vs nothing; compost from crop residues, animal manure, green leaves and ash (TN 0.9%, OC 8.89%), dry-weight basis, applied 21 days before sowing; NPSB blend (18.1N + 36.1 P2O5 + 6.7S + 0.71 B) all at sowing; urea split half at sowing, half at tillering by side-dressing",unclear,unclear,low,low,low,low,low,,,,rainfed,,,,,,positive,,
STU-6135671-04,SRC-6135671,TRL-6135671,nutrient_mgmt_b,,b29; h10.1,on_farm_researcher_managed,experiment_on_farm_researcher,ETH,1,1,1,gross plot 9 m2 (3.75 m x 2.4 m); net plot 2.025 m2 (2.25 m x 0.9 m),"Unfertilised control (0 t/ha compost + 0/0 kg/ha urea/NPSB). OUT OF SCOPE comparator under scenario (b) (h10.1 no fertiliser); treatment is sole compost, not organic + inorganic",h10.1,isolated,,"Sole compost 5 or 10 t/ha, no mineral fertiliser; compost from crop residues, animal manure, green leaves and ash (TN 0.9%, OC 8.89%), dry-weight basis, applied 21 days before sowing",unclear,unclear,low,low,low,low,low,,,,rainfed,,,,,,positive,,
STU-6135863-01,SRC-6135863,TRL-6135863,biochar,,b28; h10,on_farm_researcher_managed,experiment_on_farm_researcher,ETH,1,1,1,15.75 m2 per plot (4.2 m x 3.75 m),"Same field and season, same NPS rate (0, 50 or 100 kg/ha) and 200 kg/ha urea, no biochar (0 t/ha maize cob biochar)",h10,isolated,,"Maize cob biochar 2, 4, 6, 8 t/ha (vs 0), pit-produced, sieved to 2 mm, charged by soaking in water, incorporated once 1 week before planting (2020); pyrolysis temperature not reported; co-applied with NPS 0/50/100 kg/ha and 200 kg/ha urea on all plots",unclear,unclear,low,low,low,low,low,,,0,rainfed,,,,,,positive,,
STU-6137948-01,SRC-6137948,TRL-6137948,cover_crops,"relay herbaceous legume fallow (dry-season cover, ~8 months)","none; nearest b11.3, b12.3, b13.3 (relay green manure); control natural fallow, no h code identified",on_farm_farmer_managed,experiment_on_farm_farmer,GHA,3,2,6,Intervention plot 40 x 30 m (0.12 ha) per farm split into 2 legume plots + control; yield sampled on 5 x 5 m plots; farmer maize plots 0.1-0.6 ha,"Natural (bush) fallow on a control plot in the same maize field, no legume, same maize management, no fertiliser (farmer practice)",none,isolated,,"Legumes relayed into maize 5-8 weeks after maize sowing (non-creeping Canavalia, Stylosanthes 5-6 wk; creeping Mucuna, Lablab, Pueraria 7-8 wk); 2 kg seed (large-seeded) or 60 g (small-seeded) supplied per farmer; fallow ~8 months through the dry season; terminated by manual clearing Feb-Mar before season-2 maize; biomass not reported",yes,unclear,unclear,some,some,some,some,,,,rainfed,,,,,,mixed,,false
