practice_code,label,scope,pilot,crosswalk,era_codes,system,definition,comparator,synonyms,notes
awd,Alternate wetting and drying,in_scope,yes,Rice Cultivation (AWD); Go caveated; Alliance row 5,b13,Irrigated lowland rice with controllable water,"Repeated drain and re-flood cycles managed against a field water table or soil moisture threshold; safe or moderate AWD (re-flood at about 15 cm below surface) is the Crosswalk practice","Continuous flooding (h48); where the scheme imposes drying, the farmers' actual water regime",alternate wetting and drying;AWD;intermittent irrigation;controlled irrigation;safe AWD,"Not AWD: single midseason drainage (b14.1), other reduced water use (b14.2), rainfed or upland rice, schemes without water control. Severe AWD is extracted but kept apart by its threshold. AWD inside an SRI package goes to sri unless the contrast isolates AWD. Hazard is irrigation water scarcity, not rainfed drought"
biochar,Biochar,in_scope,yes,Biochar; Go; Alliance row 9,b28,Rainfed and irrigated cropland,"Field application of pyrolysed biomass, alone or with fertiliser where the control gets the same fertiliser; includes charcoal fines and pit or Kon-Tiki kiln char where the feedstock is stated","Same field and fertiliser regime, no biochar",biochar;bio-char;pyrolysed biomass;charcoal amendment,"Pot and incubation studies are mechanism evidence only. Ash (b74) and biochar as a feed additive are out. Biochar compost blends and biochar based fertilisers are partial_bundle unless the char is isolated. Record dose_farm_feasible"
rotational_grazing,Rotational or planned grazing,in_scope,yes,Livestock sustainable rangeland management; Go enhancement; Alliance row 19,d16;d19,Rangeland and extensive grazing,"Rotation among paddocks or grazing units, planned or holistic grazing with deliberate rest, and deferred grazing, seasonal reserves and by-law enclosures on communal land (subtype deferred)","Continuous or open grazing (h11); on communal land, uncontrolled communal grazing with its usual mobility",rotational grazing;planned grazing;holistic grazing;holistic planned grazing;deferred grazing;grazing management;rotational resting;grazing reserve;kalo;olopololi;controlled grazing,"Cut and carry or zero grazing (d20) goes to feed_mgmt or fodder_banks. Permanent exclosures with no grazing or cutting are out, as are bush clearing or reseeding alone. Improved pasture sowing with rotation is partial_bundle. ERA does not cover this practice: expect grey literature and carbon project documents"
ca_bundle,Conservation agriculture bundle,in_scope,no,Reduced Tillage; Go at CA bundle level; Alliance row 10,b38;b39;b27,Rainfed cropland,Minimum soil disturbance (b38 or b39) plus retained residue cover (b27 family); rotation optional and recorded,"Conventional tillage (h6) with residues removed (h35), burnt (h36) or grazed (h39)",conservation agriculture;no-till;zero tillage;minimum tillage;reduced tillage;ripping;direct seeding;mulch;residue retention;soil cover,"Tillage change with residues removed is partial_bundle, extracted but not pooled. Residue incorporation (b41) and plastic mulch (b26) are not CA. Record residue cover measured at planting and years since conversion. Cover crop contrasts with tillage and residue held constant go to cover_crops"
cover_crops,Cover crops,in_scope,no,Cover Crops; Go bundle aware with reduced tillage; Alliance row 8,none; nearest b11.1;b12.1;b11.2;b12.2;b13.2;b11.3;b12.3;b13.3,Cropland,Non-harvested plants grown in rotation or relay with the main crop to cover the soil,Same system with bare fallow between seasons,cover crop;green manure;relay crop;mucuna;velvet bean;lablab;canavalia;crotalaria,"Harvested legumes in rotation or intercrop (b3.x, b25, b50.x) are crop diversification, out of scope. CA versus conventional contrasts go to ca_bundle. Can compete for water: watch for negative effects"
nutrient_mgmt_b,Nutrient management (scenario b),in_scope,no,Nutrient Management; Go enhancement; Alliance row 6,b17;b21;b16;b23;b29;b30;b73,Cropland,"Efficiency practices at equal or lower nutrient input than farmer practice: ISFM, micro-dosing, deep placement, split application, site-specific rates","Farmer or recommended fertiliser practice (h10, h10.2), not no fertiliser (h10.1)",integrated soil fertility management;ISFM;micro-dosing;microdosing;deep placement;fertilizer use efficiency;fertiliser use efficiency;site-specific nutrient management;4R,"Plain rate increases against zero or low fertiliser are out: that is the business as usual pathway. ISFM with an improved variety is partial_bundle. Liming (b32) is out. Scenario b definition not yet closed with TNC: flag borderline contrasts rather than excluding them"
trees_in_farmlands,Trees in farmlands,in_scope,no,Parklands and Intercropping (alley cropping); both Go; Alliance row 12,a8;a8.1;a1;a3;a4;a4.1;a14,Cropland with trees,Crops grown under scattered or regularly spaced trees (subtype parkland) or in alleys between tree rows (subtype alley),"Same crop in open field, beyond tree influence",parkland;scattered trees;on-farm trees;trees on farms;Faidherbia;Vitellaria;shea;alley cropping;hedgerow intercropping;FMNR;farmer managed natural regeneration;agroforestry,"Multistrata and shade tree crops (a12), boundary plantings (a9, a10), agroforestry fallows (a19.x) and prunings as a stand-alone amendment are out. Record tree age for every observation. Tree crop competition in dry years: watch for negative effects"
fodder_banks,Fodder banks,in_scope,no,Fodder banks; Go; Alliance row 16,d17.3;d18.3;d17.1;d17.2;d20,Crop livestock and livestock systems,"A plot planted and reserved to supply feed in the dry season or feed gap, woody or herbaceous",Basal or conventional diet (h60; h61),fodder bank;fodder tree;fodder shrub;Calliandra;Leucaena;Gliricidia;Sesbania;tree fodder;Stylosanthes,"Browse from natural vegetation is out. Planted forages fed year round with no reserve function go to feed_mgmt. Feed_mgmt never takes fodder bank contrasts. Dry season feeding in a normal year is production; only the extra gain in a failed season is adaptation"
feed_mgmt,Feed management,in_scope,no,Feed Management; Go enhancement; Alliance row 18,d17.1;d17.2;d18.1;d18.2;d22.1;d22.2;d22.3;d11;d12,Mixed and intensive livestock systems,"Forage quality improvement, conserved forage (hay, silage), crop residue treatment, balanced supplementation and planted forages fed year round",Basal or conventional diet (h60; h61),feed management;forage conservation;silage;hay;urea treatment;crop residue treatment;supplementation;improved forage;Napier;Brachiaria,"Methane reducing feed additives (3-NOP, seaweed, oils) are out. Reserved fodder plots of any kind go to fodder_banks. Bare terms such as hay and supplementation must be combined with a livestock term"
silvopasture,Silvopasture,in_scope,no,Silvopasture; Go; Alliance row 21,a11;a22,Mixed and dairy systems,Deliberate combination of trees or shrubs with pasture and livestock,Pasture without trees,silvopasture;silvopastoral;silvo-pastoral;agrosilvopastoral;shade trees,"Open rangeland with unmanaged natural tree cover is out. Not relevant for pastoralists; the mechanism is heat stress in mixed and dairy systems"
dsr,Direct-seeded rice,in_scope,no,Alliance addition on the SharePoint Crosswalk,none; nearest b14.2 with h3 as control,Irrigated lowland rice,Dry or wet direct seeding in place of transplanting into puddled fields,Puddled transplanted flooded rice (h3 + h48),direct seeded rice;direct-seeded rice;dry seeding;wet seeding;DSR,"Same irrigation water scarcity method as awd. Direct seeding papers found by the ca_bundle string are screened here"
sri,System of Rice Intensification,in_scope,no,Alliance addition on the SharePoint Crosswalk,b15,Irrigated lowland rice,"Defined bundle: young seedlings, wide spacing, intermittent irrigation, organic matter, weeding",Conventional transplanted flooded rice (h48),system of rice intensification;SRI,"Record which components were applied; missing components make it partial_bundle. Same irrigation water scarcity method as awd"
erw,Enhanced rock weathering,in_scope,no,Alliance addition; Alliance row 23,none; nearest b32,Cropland,Silicate rock dust applied to cropland,"Same field, no rock dust, same fertiliser",rock dust;rock powder;basalt;silicate rock;enhanced weathering;remineralisation,"Adaptation evidence only: stress season or water relation evidence. Production evidence comes from CIMMYT's module and is not reviewed here. Expect thin evidence"
boundary_plantings,Boundary plantings,not_taken_forward,no,Caveated,a9;a10,,"Hedgerows, windbreaks, living fences, boma",,hedgerow;windbreak;living fence;boundary planting,Screened out at title and abstract and counted in the screening log. Blocked on the lack of an operational field boundary product for SSA: a data decision
improved_fallow,Improved fallow,not_taken_forward,no,,b60;a19,,Planted fallow between cropping cycles,,improved fallow;planted fallow;fallow enrichment;sesbania fallow;tephrosia fallow,Screened out at title and abstract and counted. Rotational clearing makes above ground carbon transient
riparian_buffers,Riparian buffers,not_taken_forward,no,,none,,Vegetated strips along watercourses,,riparian buffer;riparian strip;buffer strip,Screened out at title and abstract and counted. The mechanism works below one kilometre and cannot be produced at 5 arcmin
multistrata_shade_trees,Multistrata and shade tree crops,out_of_scope,no,Dropped by TNC; open joint item,a12,,"Tree crops under shade trees (coffee, cocoa)",,shade coffee;shade cocoa;multistrata agroforestry,Will turn up under trees_in_farmlands searches. Screen out
crop_livestock_integration,Crop livestock integration as a named practice,out_of_scope,no,,,,,,crop-livestock integration;integrated crop livestock,Screen out unless the contrast is one of the in scope livestock practices
solar_irrigation,Solar powered irrigation,out_of_scope,no,,,,,,solar irrigation;solar pump,Screen out
water_harvesting,Water harvesting,out_of_scope,no,,b33;b70,,,,water harvesting;rainwater harvesting;zai;tassa;half moon;stone bund,Screen out
improved_varieties,Improved varieties,out_of_scope,no,,b4;b5,,,,drought tolerant variety;improved variety,Screen out
other,Other,unknown,no,,,,An adaptation practice not covered by the codes above,,,Never guess. A row coded other is listed for the team in the review sheet so the vocabulary can be extended
